{
  "raw": {
    "0": {
      "count": 10000,
      "dot_mean": 0.1753237247467041,
      "dot_min": -0.26366668939590454,
      "dot_max": 3.1130218505859375,
      "dot_negative_count": 1374,
      "dot_negative_fraction": 0.13740000128746033,
      "cosine_mean": 0.13192994892597198,
      "cosine_min": -0.20752151310443878,
      "cosine_max": 1.0000009536743164,
      "cosine_negative_count": 1374,
      "cosine_negative_fraction": 0.13740000128746033
    },
    "4": {
      "count": 10000,
      "dot_mean": 764.19384765625,
      "dot_min": 176.65225219726562,
      "dot_max": 2584.890625,
      "dot_negative_count": 0,
      "dot_negative_fraction": 0.0,
      "cosine_mean": 0.3580750524997711,
      "cosine_min": 0.04677784442901611,
      "cosine_max": 0.9759740233421326,
      "cosine_negative_count": 0,
      "cosine_negative_fraction": 0.0
    },
    "8": {
      "count": 10000,
      "dot_mean": 1864.2740478515625,
      "dot_min": -888.4658813476562,
      "dot_max": 10329.8271484375,
      "dot_negative_count": 172,
      "dot_negative_fraction": 0.01720000058412552,
      "cosine_mean": 0.2748163938522339,
      "cosine_min": -0.10627233237028122,
      "cosine_max": 0.9730800986289978,
      "cosine_negative_count": 172,
      "cosine_negative_fraction": 0.01720000058412552
    },
    "12": {
      "count": 10000,
      "dot_mean": 3414.00927734375,
      "dot_min": -1106.001708984375,
      "dot_max": 14723.98828125,
      "dot_negative_count": 36,
      "dot_negative_fraction": 0.003599999938160181,
      "cosine_mean": 0.2865326702594757,
      "cosine_min": -0.07600338011980057,
      "cosine_max": 0.9716745018959045,
      "cosine_negative_count": 36,
      "cosine_negative_fraction": 0.003599999938160181
    },
    "20": {
      "count": 10000,
      "dot_mean": 14297.736328125,
      "dot_min": 1072.58740234375,
      "dot_max": 51315.5390625,
      "dot_negative_count": 0,
      "dot_negative_fraction": 0.0,
      "cosine_mean": 0.2776823341846466,
      "cosine_min": 0.01983516477048397,
      "cosine_max": 0.9724549651145935,
      "cosine_negative_count": 0,
      "cosine_negative_fraction": 0.0
    },
    "28": {
      "count": 10000,
      "dot_mean": 2042.1776123046875,
      "dot_min": -3416.4560546875,
      "dot_max": 25994.078125,
      "dot_negative_count": 93,
      "dot_negative_fraction": 0.00930000003427267,
      "cosine_mean": 0.21306471526622772,
      "cosine_min": -0.12406865507364273,
      "cosine_max": 0.9646630883216858,
      "cosine_negative_count": 93,
      "cosine_negative_fraction": 0.00930000003427267
    }
  },
  "centered": {
    "0": {
      "count": 10000,
      "dot_mean": 0.0008965642773546278,
      "dot_min": -0.45828354358673096,
      "dot_max": 2.972182273864746,
      "dot_negative_count": 5934,
      "dot_negative_fraction": 0.5934000015258789,
      "cosine_mean": 0.0037943138740956783,
      "cosine_min": -0.4207075834274292,
      "cosine_max": 1.0000004768371582,
      "cosine_negative_count": 5934,
      "cosine_negative_fraction": 0.5934000015258789
    },
    "4": {
      "count": 10000,
      "dot_mean": 0.07205136865377426,
      "dot_min": -369.7479248046875,
      "dot_max": 2036.9322509765625,
      "dot_negative_count": 6225,
      "dot_negative_fraction": 0.6225000023841858,
      "cosine_mean": 0.002287863055244088,
      "cosine_min": -0.2422027736902237,
      "cosine_max": 0.9657043218612671,
      "cosine_negative_count": 6225,
      "cosine_negative_fraction": 0.6225000023841858
    },
    "8": {
      "count": 10000,
      "dot_mean": 4.57127046585083,
      "dot_min": -1989.3736572265625,
      "dot_max": 11076.5986328125,
      "dot_negative_count": 5973,
      "dot_negative_fraction": 0.5972999930381775,
      "cosine_mean": 0.002399400807917118,
      "cosine_min": -0.31232795119285583,
      "cosine_max": 0.9747031331062317,
      "cosine_negative_count": 5973,
      "cosine_negative_fraction": 0.5972999930381775
    },
    "12": {
      "count": 10000,
      "dot_mean": 2.6012063026428223,
      "dot_min": -2837.962158203125,
      "dot_max": 14985.845703125,
      "dot_negative_count": 5923,
      "dot_negative_fraction": 0.5922999978065491,
      "cosine_mean": 0.000990621978417039,
      "cosine_min": -0.27692505717277527,
      "cosine_max": 0.9712441563606262,
      "cosine_negative_count": 5923,
      "cosine_negative_fraction": 0.5922999978065491
    },
    "20": {
      "count": 10000,
      "dot_mean": -0.2148890644311905,
      "dot_min": -10527.7587890625,
      "dot_max": 41038.99609375,
      "dot_negative_count": 5822,
      "dot_negative_fraction": 0.5821999907493591,
      "cosine_mean": 0.00026395608438178897,
      "cosine_min": -0.25045695900917053,
      "cosine_max": 0.9645313024520874,
      "cosine_negative_count": 5822,
      "cosine_negative_fraction": 0.5821999907493591
    },
    "28": {
      "count": 10000,
      "dot_mean": 16.226364135742188,
      "dot_min": -5336.30810546875,
      "dot_max": 24084.41015625,
      "dot_negative_count": 5535,
      "dot_negative_fraction": 0.5534999966621399,
      "cosine_mean": 0.0070791784673929214,
      "cosine_min": -0.3611896336078644,
      "cosine_max": 0.9607880711555481,
      "cosine_negative_count": 5535,
      "cosine_negative_fraction": 0.5534999966621399
    }
  }
}