{
  "raw": {
    "0": {
      "count": 10000,
      "dot_mean": 0.0007532110321335495,
      "dot_min": -0.0008590857032686472,
      "dot_max": 0.014967598021030426,
      "dot_negative_count": 1131,
      "dot_negative_fraction": 0.11309999972581863,
      "cosine_mean": 0.057785242795944214,
      "cosine_min": -0.09022969752550125,
      "cosine_max": 1.0,
      "cosine_negative_count": 1131,
      "cosine_negative_fraction": 0.11309999972581863
    },
    "4": {
      "count": 10000,
      "dot_mean": 0.1003931388258934,
      "dot_min": 0.00568381929770112,
      "dot_max": 0.39137762784957886,
      "dot_negative_count": 0,
      "dot_negative_fraction": 0.0,
      "cosine_mean": 0.15813976526260376,
      "cosine_min": 0.009054352529346943,
      "cosine_max": 0.762812614440918,
      "cosine_negative_count": 0,
      "cosine_negative_fraction": 0.0
    },
    "8": {
      "count": 10000,
      "dot_mean": 0.48827871680259705,
      "dot_min": 0.010950785130262375,
      "dot_max": 1.6379194259643555,
      "dot_negative_count": 0,
      "dot_negative_fraction": 0.0,
      "cosine_mean": 0.13147081434726715,
      "cosine_min": 0.003221785882487893,
      "cosine_max": 0.4747014343738556,
      "cosine_negative_count": 0,
      "cosine_negative_fraction": 0.0
    },
    "12": {
      "count": 10000,
      "dot_mean": 1.0608850717544556,
      "dot_min": -0.27001991868019104,
      "dot_max": 3.772454023361206,
      "dot_negative_count": 7,
      "dot_negative_fraction": 0.000699999975040555,
      "cosine_mean": 0.1054944097995758,
      "cosine_min": -0.025887537747621536,
      "cosine_max": 0.39569100737571716,
      "cosine_negative_count": 7,
      "cosine_negative_fraction": 0.000699999975040555
    },
    "20": {
      "count": 10000,
      "dot_mean": 12.168501853942871,
      "dot_min": -1.8299753665924072,
      "dot_max": 55.100311279296875,
      "dot_negative_count": 30,
      "dot_negative_fraction": 0.003000000026077032,
      "cosine_mean": 0.12135651707649231,
      "cosine_min": -0.018471961840987206,
      "cosine_max": 0.4828243851661682,
      "cosine_negative_count": 30,
      "cosine_negative_fraction": 0.003000000026077032
    },
    "32": {
      "count": 10000,
      "dot_mean": 11195.2900390625,
      "dot_min": -50218.34375,
      "dot_max": 131109.34375,
      "dot_negative_count": 2811,
      "dot_negative_fraction": 0.28110000491142273,
      "cosine_mean": 0.08815338462591171,
      "cosine_min": -0.30090051889419556,
      "cosine_max": 0.6870505213737488,
      "cosine_negative_count": 2811,
      "cosine_negative_fraction": 0.28110000491142273
    }
  },
  "centered": {
    "0": {
      "count": 10000,
      "dot_mean": -0.0002484240394551307,
      "dot_min": -0.001983544323593378,
      "dot_max": 0.012926485389471054,
      "dot_negative_count": 7444,
      "dot_negative_fraction": 0.7444000244140625,
      "cosine_mean": -0.01487839687615633,
      "cosine_min": -0.19599077105522156,
      "cosine_max": 1.0,
      "cosine_negative_count": 7444,
      "cosine_negative_fraction": 0.7444000244140625
    },
    "4": {
      "count": 10000,
      "dot_mean": -0.02051633968949318,
      "dot_min": -0.0865643247961998,
      "dot_max": 0.3501364290714264,
      "dot_negative_count": 8256,
      "dot_negative_fraction": 0.8256000280380249,
      "cosine_mean": -0.03875146061182022,
      "cosine_min": -0.1955472081899643,
      "cosine_max": 0.6619973182678223,
      "cosine_negative_count": 8256,
      "cosine_negative_fraction": 0.8256000280380249
    },
    "8": {
      "count": 10000,
      "dot_mean": -0.21717414259910583,
      "dot_min": -0.6428259611129761,
      "dot_max": 1.2351679801940918,
      "dot_negative_count": 9162,
      "dot_negative_fraction": 0.9161999821662903,
      "cosine_mean": -0.07142657786607742,
      "cosine_min": -0.21668285131454468,
      "cosine_max": 0.4126648008823395,
      "cosine_negative_count": 9162,
      "cosine_negative_fraction": 0.9161999821662903
    },
    "12": {
      "count": 10000,
      "dot_mean": -0.6158488392829895,
      "dot_min": -1.7279183864593506,
      "dot_max": 2.8872859477996826,
      "dot_negative_count": 9247,
      "dot_negative_fraction": 0.9247000217437744,
      "cosine_mean": -0.07268015295267105,
      "cosine_min": -0.2090236395597458,
      "cosine_max": 0.3249800503253937,
      "cosine_negative_count": 9247,
      "cosine_negative_fraction": 0.9247000217437744
    },
    "20": {
      "count": 10000,
      "dot_mean": -7.911052227020264,
      "dot_min": -20.748971939086914,
      "dot_max": 24.297163009643555,
      "dot_negative_count": 9379,
      "dot_negative_fraction": 0.9379000067710876,
      "cosine_mean": -0.0986432358622551,
      "cosine_min": -0.25970888137817383,
      "cosine_max": 0.3561595678329468,
      "cosine_negative_count": 9379,
      "cosine_negative_fraction": 0.9379000067710876
    },
    "32": {
      "count": 10000,
      "dot_mean": -16172.37109375,
      "dot_min": -57918.31640625,
      "dot_max": 157696.9375,
      "dot_negative_count": 8829,
      "dot_negative_fraction": 0.8828999996185303,
      "cosine_mean": -0.16555292904376984,
      "cosine_min": -0.49225687980651855,
      "cosine_max": 0.7246227860450745,
      "cosine_negative_count": 8829,
      "cosine_negative_fraction": 0.8828999996185303
    }
  }
}