{
  "raw": {
    "0": {
      "count": 108,
      "dot_mean": 0.1542302817106247,
      "dot_min": -0.08617723733186722,
      "dot_max": 0.4663293957710266,
      "dot_negative_count": 16,
      "dot_negative_fraction": 0.14814814925193787,
      "cosine_mean": 0.10672158002853394,
      "cosine_min": -0.06468694657087326,
      "cosine_max": 0.3401187062263489,
      "cosine_negative_count": 16,
      "cosine_negative_fraction": 0.14814814925193787
    },
    "4": {
      "count": 108,
      "dot_mean": 706.3866577148438,
      "dot_min": 295.9984130859375,
      "dot_max": 1510.557861328125,
      "dot_negative_count": 0,
      "dot_negative_fraction": 0.0,
      "cosine_mean": 0.31350651383399963,
      "cosine_min": 0.07754918187856674,
      "cosine_max": 0.7232569456100464,
      "cosine_negative_count": 0,
      "cosine_negative_fraction": 0.0
    },
    "8": {
      "count": 108,
      "dot_mean": 1369.9713134765625,
      "dot_min": 50.84884262084961,
      "dot_max": 3616.283935546875,
      "dot_negative_count": 0,
      "dot_negative_fraction": 0.0,
      "cosine_mean": 0.21012036502361298,
      "cosine_min": 0.006229120306670666,
      "cosine_max": 0.5999696850776672,
      "cosine_negative_count": 0,
      "cosine_negative_fraction": 0.0
    },
    "12": {
      "count": 108,
      "dot_mean": 2990.990234375,
      "dot_min": 1130.28466796875,
      "dot_max": 6870.654296875,
      "dot_negative_count": 0,
      "dot_negative_fraction": 0.0,
      "cosine_mean": 0.23840190470218658,
      "cosine_min": 0.0816415473818779,
      "cosine_max": 0.51188725233078,
      "cosine_negative_count": 0,
      "cosine_negative_fraction": 0.0
    },
    "20": {
      "count": 108,
      "dot_mean": 13256.560546875,
      "dot_min": 7460.77294921875,
      "dot_max": 24109.365234375,
      "dot_negative_count": 0,
      "dot_negative_fraction": 0.0,
      "cosine_mean": 0.24581794440746307,
      "cosine_min": 0.12560045719146729,
      "cosine_max": 0.44947460293769836,
      "cosine_negative_count": 0,
      "cosine_negative_fraction": 0.0
    },
    "28": {
      "count": 108,
      "dot_mean": 1506.5570068359375,
      "dot_min": -1256.983642578125,
      "dot_max": 3958.390625,
      "dot_negative_count": 2,
      "dot_negative_fraction": 0.018518518656492233,
      "cosine_mean": 0.14642499387264252,
      "cosine_min": -0.062256406992673874,
      "cosine_max": 0.4017994999885559,
      "cosine_negative_count": 2,
      "cosine_negative_fraction": 0.018518518656492233
    }
  },
  "centered": {
    "0": {
      "count": 108,
      "dot_mean": -0.01337367482483387,
      "dot_min": -0.3140304684638977,
      "dot_max": 0.3591364324092865,
      "dot_negative_count": 69,
      "dot_negative_fraction": 0.6388888955116272,
      "cosine_mean": -0.01706421747803688,
      "cosine_min": -0.3196808695793152,
      "cosine_max": 0.28590404987335205,
      "cosine_negative_count": 69,
      "cosine_negative_fraction": 0.6388888955116272
    },
    "4": {
      "count": 108,
      "dot_mean": -16.486629486083984,
      "dot_min": -246.27655029296875,
      "dot_max": 925.0604858398438,
      "dot_negative_count": 64,
      "dot_negative_fraction": 0.5925925970077515,
      "cosine_mean": -0.006504491437226534,
      "cosine_min": -0.12342143803834915,
      "cosine_max": 0.616443395614624,
      "cosine_negative_count": 64,
      "cosine_negative_fraction": 0.5925925970077515
    },
    "8": {
      "count": 108,
      "dot_mean": -50.48341751098633,
      "dot_min": -729.992919921875,
      "dot_max": 2764.09619140625,
      "dot_negative_count": 70,
      "dot_negative_fraction": 0.6481481194496155,
      "cosine_mean": -0.008485501632094383,
      "cosine_min": -0.12150444835424423,
      "cosine_max": 0.534234881401062,
      "cosine_negative_count": 70,
      "cosine_negative_fraction": 0.6481481194496155
    },
    "12": {
      "count": 108,
      "dot_mean": -95.48493194580078,
      "dot_min": -1402.47314453125,
      "dot_max": 4506.77734375,
      "dot_negative_count": 61,
      "dot_negative_fraction": 0.5648148059844971,
      "cosine_mean": -0.007914557121694088,
      "cosine_min": -0.14192654192447662,
      "cosine_max": 0.40713927149772644,
      "cosine_negative_count": 61,
      "cosine_negative_fraction": 0.5648148059844971
    },
    "20": {
      "count": 108,
      "dot_mean": -424.4989013671875,
      "dot_min": -6646.068359375,
      "dot_max": 14418.3359375,
      "dot_negative_count": 63,
      "dot_negative_fraction": 0.5833333134651184,
      "cosine_mean": -0.011281759478151798,
      "cosine_min": -0.16854391992092133,
      "cosine_max": 0.32791832089424133,
      "cosine_negative_count": 63,
      "cosine_negative_fraction": 0.5833333134651184
    },
    "28": {
      "count": 108,
      "dot_mean": -111.14179992675781,
      "dot_min": -2626.461669921875,
      "dot_max": 2472.76123046875,
      "dot_negative_count": 62,
      "dot_negative_fraction": 0.5740740895271301,
      "cosine_mean": -0.009280032478272915,
      "cosine_min": -0.13168136775493622,
      "cosine_max": 0.30346789956092834,
      "cosine_negative_count": 62,
      "cosine_negative_fraction": 0.5740740895271301
    }
  }
}