{
  "raw": {
    "0": {
      "count": 10000,
      "dot_mean": 0.06791181862354279,
      "dot_min": -0.37338683009147644,
      "dot_max": 1.4349899291992188,
      "dot_negative_count": 3452,
      "dot_negative_fraction": 0.3452000021934509,
      "cosine_mean": 0.07208989560604095,
      "cosine_min": -0.2924811542034149,
      "cosine_max": 1.0,
      "cosine_negative_count": 3452,
      "cosine_negative_fraction": 0.3452000021934509
    },
    "4": {
      "count": 10000,
      "dot_mean": 5.910256862640381,
      "dot_min": 1.3745620250701904,
      "dot_max": 23.25762176513672,
      "dot_negative_count": 0,
      "dot_negative_fraction": 0.0,
      "cosine_mean": 0.2849504053592682,
      "cosine_min": 0.06415953487157822,
      "cosine_max": 0.9627801179885864,
      "cosine_negative_count": 0,
      "cosine_negative_fraction": 0.0
    },
    "8": {
      "count": 10000,
      "dot_mean": 11.186924934387207,
      "dot_min": 1.661615014076233,
      "dot_max": 44.50455093383789,
      "dot_negative_count": 0,
      "dot_negative_fraction": 0.0,
      "cosine_mean": 0.2508719265460968,
      "cosine_min": 0.036643534898757935,
      "cosine_max": 0.9326541423797607,
      "cosine_negative_count": 0,
      "cosine_negative_fraction": 0.0
    },
    "12": {
      "count": 10000,
      "dot_mean": 17.15920639038086,
      "dot_min": 2.3603765964508057,
      "dot_max": 72.76687622070312,
      "dot_negative_count": 0,
      "dot_negative_fraction": 0.0,
      "cosine_mean": 0.24415646493434906,
      "cosine_min": 0.03800128772854805,
      "cosine_max": 0.9032649397850037,
      "cosine_negative_count": 0,
      "cosine_negative_fraction": 0.0
    },
    "20": {
      "count": 10000,
      "dot_mean": 124.2994613647461,
      "dot_min": 23.52223777770996,
      "dot_max": 360.33929443359375,
      "dot_negative_count": 0,
      "dot_negative_fraction": 0.0,
      "cosine_mean": 0.34510523080825806,
      "cosine_min": 0.09600837528705597,
      "cosine_max": 0.9412326812744141,
      "cosine_negative_count": 0,
      "cosine_negative_fraction": 0.0
    },
    "28": {
      "count": 10000,
      "dot_mean": 3504.564697265625,
      "dot_min": 435.128173828125,
      "dot_max": 7188.59326171875,
      "dot_negative_count": 0,
      "dot_negative_fraction": 0.0,
      "cosine_mean": 0.4464482367038727,
      "cosine_min": 0.05594588443636894,
      "cosine_max": 0.9310213923454285,
      "cosine_negative_count": 0,
      "cosine_negative_fraction": 0.0
    }
  },
  "centered": {
    "0": {
      "count": 10000,
      "dot_mean": -0.002698790980502963,
      "dot_min": -0.4750737249851227,
      "dot_max": 1.2936099767684937,
      "dot_negative_count": 6053,
      "dot_negative_fraction": 0.6053000092506409,
      "cosine_mean": -0.0026120576076209545,
      "cosine_min": -0.4070329964160919,
      "cosine_max": 1.0,
      "cosine_negative_count": 6053,
      "cosine_negative_fraction": 0.6053000092506409
    },
    "4": {
      "count": 10000,
      "dot_mean": -0.026246722787618637,
      "dot_min": -3.1607210636138916,
      "dot_max": 16.754053115844727,
      "dot_negative_count": 6306,
      "dot_negative_fraction": 0.6305999755859375,
      "cosine_mean": -0.0014640032313764095,
      "cosine_min": -0.1985100954771042,
      "cosine_max": 0.953609049320221,
      "cosine_negative_count": 6306,
      "cosine_negative_fraction": 0.6305999755859375
    },
    "8": {
      "count": 10000,
      "dot_mean": -0.050671160221099854,
      "dot_min": -8.022724151611328,
      "dot_max": 32.792579650878906,
      "dot_negative_count": 6023,
      "dot_negative_fraction": 0.6022999882698059,
      "cosine_mean": -0.000935934076551348,
      "cosine_min": -0.2377716302871704,
      "cosine_max": 0.9122605323791504,
      "cosine_negative_count": 6023,
      "cosine_negative_fraction": 0.6022999882698059
    },
    "12": {
      "count": 10000,
      "dot_mean": -0.08235320448875427,
      "dot_min": -11.537464141845703,
      "dot_max": 54.35329818725586,
      "dot_negative_count": 5978,
      "dot_negative_fraction": 0.5978000164031982,
      "cosine_mean": -0.0012690983712673187,
      "cosine_min": -0.2386656403541565,
      "cosine_max": 0.89272141456604,
      "cosine_negative_count": 5978,
      "cosine_negative_fraction": 0.5978000164031982
    },
    "20": {
      "count": 10000,
      "dot_mean": -0.3385566174983978,
      "dot_min": -62.48396301269531,
      "dot_max": 235.43418884277344,
      "dot_negative_count": 6027,
      "dot_negative_fraction": 0.6026999950408936,
      "cosine_mean": -0.0014113723300397396,
      "cosine_min": -0.2467450052499771,
      "cosine_max": 0.9179036021232605,
      "cosine_negative_count": 6027,
      "cosine_negative_fraction": 0.6026999950408936
    },
    "28": {
      "count": 10000,
      "dot_mean": -13.398094177246094,
      "dot_min": -1371.8958740234375,
      "dot_max": 5383.8466796875,
      "dot_negative_count": 5756,
      "dot_negative_fraction": 0.5756000280380249,
      "cosine_mean": -0.0027511860243976116,
      "cosine_min": -0.3178044557571411,
      "cosine_max": 0.8990308046340942,
      "cosine_negative_count": 5756,
      "cosine_negative_fraction": 0.5756000280380249
    }
  }
}