{
  "raw": {
    "0": {
      "count": 189,
      "dot_mean": 0.09705930203199387,
      "dot_min": -0.263056218624115,
      "dot_max": 0.6352588534355164,
      "dot_negative_count": 82,
      "dot_negative_fraction": 0.43386244773864746,
      "cosine_mean": 0.10343274474143982,
      "cosine_min": -0.2315956950187683,
      "cosine_max": 0.5297163128852844,
      "cosine_negative_count": 82,
      "cosine_negative_fraction": 0.43386244773864746
    },
    "4": {
      "count": 189,
      "dot_mean": 2.643275737762451,
      "dot_min": 0.8842121362686157,
      "dot_max": 8.100852012634277,
      "dot_negative_count": 0,
      "dot_negative_fraction": 0.0,
      "cosine_mean": 0.15934428572654724,
      "cosine_min": 0.050676681101322174,
      "cosine_max": 0.5187690258026123,
      "cosine_negative_count": 0,
      "cosine_negative_fraction": 0.0
    },
    "8": {
      "count": 189,
      "dot_mean": 4.002479076385498,
      "dot_min": 0.9175606369972229,
      "dot_max": 17.685361862182617,
      "dot_negative_count": 0,
      "dot_negative_fraction": 0.0,
      "cosine_mean": 0.09192748367786407,
      "cosine_min": 0.019336940720677376,
      "cosine_max": 0.4323160946369171,
      "cosine_negative_count": 0,
      "cosine_negative_fraction": 0.0
    },
    "12": {
      "count": 189,
      "dot_mean": 11.05111026763916,
      "dot_min": 2.672207832336426,
      "dot_max": 30.9710750579834,
      "dot_negative_count": 0,
      "dot_negative_fraction": 0.0,
      "cosine_mean": 0.14059799909591675,
      "cosine_min": 0.028531379997730255,
      "cosine_max": 0.4508303105831146,
      "cosine_negative_count": 0,
      "cosine_negative_fraction": 0.0
    },
    "20": {
      "count": 189,
      "dot_mean": 62.09385299682617,
      "dot_min": 13.63326358795166,
      "dot_max": 139.5157470703125,
      "dot_negative_count": 0,
      "dot_negative_fraction": 0.0,
      "cosine_mean": 0.17296338081359863,
      "cosine_min": 0.04344024881720543,
      "cosine_max": 0.4277574419975281,
      "cosine_negative_count": 0,
      "cosine_negative_fraction": 0.0
    },
    "28": {
      "count": 189,
      "dot_mean": 2070.80517578125,
      "dot_min": -28.0865478515625,
      "dot_max": 3600.8212890625,
      "dot_negative_count": 1,
      "dot_negative_fraction": 0.005291005130857229,
      "cosine_mean": 0.28670400381088257,
      "cosine_min": -0.0035708772484213114,
      "cosine_max": 0.49842438101768494,
      "cosine_negative_count": 1,
      "cosine_negative_fraction": 0.005291005130857229
    }
  },
  "centered": {
    "0": {
      "count": 189,
      "dot_mean": -0.004239349160343409,
      "dot_min": -0.22801701724529266,
      "dot_max": 0.4102919399738312,
      "dot_negative_count": 109,
      "dot_negative_fraction": 0.5767195820808411,
      "cosine_mean": 0.011127015575766563,
      "cosine_min": -0.2025240659713745,
      "cosine_max": 0.42553097009658813,
      "cosine_negative_count": 109,
      "cosine_negative_fraction": 0.5767195820808411
    },
    "4": {
      "count": 189,
      "dot_mean": -0.06927376985549927,
      "dot_min": -1.4344346523284912,
      "dot_max": 6.217655181884766,
      "dot_negative_count": 116,
      "dot_negative_fraction": 0.6137565970420837,
      "cosine_mean": -0.0020403063390403986,
      "cosine_min": -0.08748921006917953,
      "cosine_max": 0.4512364864349365,
      "cosine_negative_count": 116,
      "cosine_negative_fraction": 0.6137565970420837
    },
    "8": {
      "count": 189,
      "dot_mean": -0.2178729772567749,
      "dot_min": -4.9225921630859375,
      "dot_max": 18.56690216064453,
      "dot_negative_count": 123,
      "dot_negative_fraction": 0.6507936716079712,
      "cosine_mean": -0.0037540197372436523,
      "cosine_min": -0.10444014519453049,
      "cosine_max": 0.44257327914237976,
      "cosine_negative_count": 123,
      "cosine_negative_fraction": 0.6507936716079712
    },
    "12": {
      "count": 189,
      "dot_mean": -0.37765005230903625,
      "dot_min": -10.057307243347168,
      "dot_max": 31.274702072143555,
      "dot_negative_count": 121,
      "dot_negative_fraction": 0.6402116417884827,
      "cosine_mean": -0.0035759105812758207,
      "cosine_min": -0.13310913741588593,
      "cosine_max": 0.4531124234199524,
      "cosine_negative_count": 121,
      "cosine_negative_fraction": 0.6402116417884827
    },
    "20": {
      "count": 189,
      "dot_mean": -1.712825059890747,
      "dot_min": -49.937225341796875,
      "dot_max": 102.58515930175781,
      "dot_negative_count": 107,
      "dot_negative_fraction": 0.5661375522613525,
      "cosine_mean": -0.0045627690851688385,
      "cosine_min": -0.16173909604549408,
      "cosine_max": 0.3541296720504761,
      "cosine_negative_count": 107,
      "cosine_negative_fraction": 0.5661375522613525
    },
    "28": {
      "count": 189,
      "dot_mean": -33.80408477783203,
      "dot_min": -830.10546875,
      "dot_max": 1675.314208984375,
      "dot_negative_count": 125,
      "dot_negative_fraction": 0.6613756418228149,
      "cosine_mean": -0.015733106061816216,
      "cosine_min": -0.18949000537395477,
      "cosine_max": 0.32270294427871704,
      "cosine_negative_count": 125,
      "cosine_negative_fraction": 0.6613756418228149
    }
  }
}