{
  "raw": {
    "0": {
      "count": 10000,
      "dot_mean": 0.09371215850114822,
      "dot_min": -0.24261021614074707,
      "dot_max": 3.1130218505859375,
      "dot_negative_count": 2013,
      "dot_negative_fraction": 0.2012999951839447,
      "cosine_mean": 0.06254440546035767,
      "cosine_min": -0.16456338763237,
      "cosine_max": 1.0,
      "cosine_negative_count": 2013,
      "cosine_negative_fraction": 0.2012999951839447
    },
    "4": {
      "count": 10000,
      "dot_mean": 570.4506225585938,
      "dot_min": 117.12550354003906,
      "dot_max": 1571.03955078125,
      "dot_negative_count": 0,
      "dot_negative_fraction": 0.0,
      "cosine_mean": 0.2322557419538498,
      "cosine_min": 0.03355333209037781,
      "cosine_max": 0.776155948638916,
      "cosine_negative_count": 0,
      "cosine_negative_fraction": 0.0
    },
    "8": {
      "count": 10000,
      "dot_mean": 1145.6583251953125,
      "dot_min": -736.7147827148438,
      "dot_max": 4339.12158203125,
      "dot_negative_count": 327,
      "dot_negative_fraction": 0.03269999846816063,
      "cosine_mean": 0.15125328302383423,
      "cosine_min": -0.08738984167575836,
      "cosine_max": 0.7569366097450256,
      "cosine_negative_count": 327,
      "cosine_negative_fraction": 0.03269999846816063
    },
    "12": {
      "count": 10000,
      "dot_mean": 2306.312744140625,
      "dot_min": -1053.2421875,
      "dot_max": 8436.3974609375,
      "dot_negative_count": 157,
      "dot_negative_fraction": 0.015699999406933784,
      "cosine_mean": 0.1628880798816681,
      "cosine_min": -0.06453438848257065,
      "cosine_max": 0.6663212776184082,
      "cosine_negative_count": 157,
      "cosine_negative_fraction": 0.015699999406933784
    },
    "20": {
      "count": 10000,
      "dot_mean": 10322.666015625,
      "dot_min": -757.0804443359375,
      "dot_max": 27982.123046875,
      "dot_negative_count": 3,
      "dot_negative_fraction": 0.0003000000142492354,
      "cosine_mean": 0.19521161913871765,
      "cosine_min": -0.013793534599244595,
      "cosine_max": 0.5580439567565918,
      "cosine_negative_count": 3,
      "cosine_negative_fraction": 0.0003000000142492354
    },
    "28": {
      "count": 10000,
      "dot_mean": 1452.6949462890625,
      "dot_min": -5560.3017578125,
      "dot_max": 10350.591796875,
      "dot_negative_count": 615,
      "dot_negative_fraction": 0.061500001698732376,
      "cosine_mean": 0.11570389568805695,
      "cosine_min": -0.16757404804229736,
      "cosine_max": 0.5858078002929688,
      "cosine_negative_count": 615,
      "cosine_negative_fraction": 0.061500001698732376
    }
  },
  "centered": {
    "0": {
      "count": 10000,
      "dot_mean": -0.02591579221189022,
      "dot_min": -0.4663238227367401,
      "dot_max": 2.8154208660125732,
      "dot_negative_count": 6943,
      "dot_negative_fraction": 0.6942999958992004,
      "cosine_mean": -0.01879732310771942,
      "cosine_min": -0.37830638885498047,
      "cosine_max": 1.0,
      "cosine_negative_count": 6943,
      "cosine_negative_fraction": 0.6942999958992004
    },
    "4": {
      "count": 10000,
      "dot_mean": -81.53399658203125,
      "dot_min": -526.5037231445312,
      "dot_max": 900.6882934570312,
      "dot_negative_count": 7773,
      "dot_negative_fraction": 0.7773000001907349,
      "cosine_mean": -0.03762374445796013,
      "cosine_min": -0.24205167591571808,
      "cosine_max": 0.6409420371055603,
      "cosine_negative_count": 7773,
      "cosine_negative_fraction": 0.7773000001907349
    },
    "8": {
      "count": 10000,
      "dot_mean": -291.3739318847656,
      "dot_min": -2008.770751953125,
      "dot_max": 2851.962646484375,
      "dot_negative_count": 7919,
      "dot_negative_fraction": 0.7918999791145325,
      "cosine_mean": -0.0420086532831192,
      "cosine_min": -0.2657579779624939,
      "cosine_max": 0.5930899977684021,
      "cosine_negative_count": 7919,
      "cosine_negative_fraction": 0.7918999791145325
    },
    "12": {
      "count": 10000,
      "dot_mean": -758.4730224609375,
      "dot_min": -3070.64501953125,
      "dot_max": 5708.29443359375,
      "dot_negative_count": 8614,
      "dot_negative_fraction": 0.8614000082015991,
      "cosine_mean": -0.0645686611533165,
      "cosine_min": -0.2739548683166504,
      "cosine_max": 0.5397834181785583,
      "cosine_negative_count": 8614,
      "cosine_negative_fraction": 0.8614000082015991
    },
    "20": {
      "count": 10000,
      "dot_mean": -3276.715087890625,
      "dot_min": -10744.8291015625,
      "dot_max": 17730.615234375,
      "dot_negative_count": 9163,
      "dot_negative_fraction": 0.9162999987602234,
      "cosine_mean": -0.0842331200838089,
      "cosine_min": -0.25924786925315857,
      "cosine_max": 0.4552314281463623,
      "cosine_negative_count": 9163,
      "cosine_negative_fraction": 0.9162999987602234
    },
    "28": {
      "count": 10000,
      "dot_mean": -896.1909790039062,
      "dot_min": -7977.1357421875,
      "dot_max": 9216.4150390625,
      "dot_negative_count": 8300,
      "dot_negative_fraction": 0.8299999833106995,
      "cosine_mean": -0.06868985295295715,
      "cosine_min": -0.3371957242488861,
      "cosine_max": 0.53159099817276,
      "cosine_negative_count": 8300,
      "cosine_negative_fraction": 0.8299999833106995
    }
  }
}