{
  "raw": {
    "0": {
      "count": 3888,
      "dot_mean": 0.0485302098095417,
      "dot_min": -0.12004726380109787,
      "dot_max": 0.9379770159721375,
      "dot_negative_count": 632,
      "dot_negative_fraction": 0.16255144774913788,
      "cosine_mean": 0.05820062756538391,
      "cosine_min": -0.18230745196342468,
      "cosine_max": 1.0,
      "cosine_negative_count": 632,
      "cosine_negative_fraction": 0.16255144774913788
    },
    "4": {
      "count": 3888,
      "dot_mean": 200.5625457763672,
      "dot_min": 84.57315063476562,
      "dot_max": 491.62066650390625,
      "dot_negative_count": 0,
      "dot_negative_fraction": 0.0,
      "cosine_mean": 0.28136131167411804,
      "cosine_min": 0.08280692249536514,
      "cosine_max": 0.7363178730010986,
      "cosine_negative_count": 0,
      "cosine_negative_fraction": 0.0
    },
    "8": {
      "count": 3888,
      "dot_mean": 420.7183532714844,
      "dot_min": -38.22423553466797,
      "dot_max": 902.0048828125,
      "dot_negative_count": 9,
      "dot_negative_fraction": 0.002314814832061529,
      "cosine_mean": 0.23401522636413574,
      "cosine_min": -0.014598038978874683,
      "cosine_max": 0.7578791379928589,
      "cosine_negative_count": 9,
      "cosine_negative_fraction": 0.002314814832061529
    },
    "12": {
      "count": 3888,
      "dot_mean": 563.420654296875,
      "dot_min": -61.23662567138672,
      "dot_max": 1596.367919921875,
      "dot_negative_count": 4,
      "dot_negative_fraction": 0.001028806553222239,
      "cosine_mean": 0.224800243973732,
      "cosine_min": -0.017190078273415565,
      "cosine_max": 0.7972207069396973,
      "cosine_negative_count": 4,
      "cosine_negative_fraction": 0.001028806553222239
    },
    "20": {
      "count": 3888,
      "dot_mean": 2123.4267578125,
      "dot_min": 390.34271240234375,
      "dot_max": 4277.681640625,
      "dot_negative_count": 0,
      "dot_negative_fraction": 0.0,
      "cosine_mean": 0.2872529625892639,
      "cosine_min": 0.041493337601423264,
      "cosine_max": 0.6704167127609253,
      "cosine_negative_count": 0,
      "cosine_negative_fraction": 0.0
    },
    "28": {
      "count": 3888,
      "dot_mean": 2730.31298828125,
      "dot_min": -15429.9853515625,
      "dot_max": 31272.68359375,
      "dot_negative_count": 1175,
      "dot_negative_fraction": 0.3022119402885437,
      "cosine_mean": 0.04324928671121597,
      "cosine_min": -0.20406875014305115,
      "cosine_max": 0.4309893250465393,
      "cosine_negative_count": 1175,
      "cosine_negative_fraction": 0.3022119402885437
    }
  },
  "centered": {
    "0": {
      "count": 3888,
      "dot_mean": -0.01997312903404236,
      "dot_min": -0.22714869678020477,
      "dot_max": 0.8547829985618591,
      "dot_negative_count": 2711,
      "dot_negative_fraction": 0.6972736716270447,
      "cosine_mean": -0.031543415039777756,
      "cosine_min": -0.42144593596458435,
      "cosine_max": 1.0,
      "cosine_negative_count": 2711,
      "cosine_negative_fraction": 0.6972736716270447
    },
    "4": {
      "count": 3888,
      "dot_mean": -30.20276641845703,
      "dot_min": -123.19084930419922,
      "dot_max": 285.3405456542969,
      "dot_negative_count": 3314,
      "dot_negative_fraction": 0.8523662686347961,
      "cosine_mean": -0.06268683820962906,
      "cosine_min": -0.21370987594127655,
      "cosine_max": 0.6276649236679077,
      "cosine_negative_count": 3314,
      "cosine_negative_fraction": 0.8523662686347961
    },
    "8": {
      "count": 3888,
      "dot_mean": -93.74873352050781,
      "dot_min": -328.02294921875,
      "dot_max": 643.1826171875,
      "dot_negative_count": 3438,
      "dot_negative_fraction": 0.8842592835426331,
      "cosine_mean": -0.07191905379295349,
      "cosine_min": -0.24961698055267334,
      "cosine_max": 0.6981006264686584,
      "cosine_negative_count": 3438,
      "cosine_negative_fraction": 0.8842592835426331
    },
    "12": {
      "count": 3888,
      "dot_mean": -166.89431762695312,
      "dot_min": -520.8402709960938,
      "dot_max": 999.0701904296875,
      "dot_negative_count": 3520,
      "dot_negative_fraction": 0.9053497910499573,
      "cosine_mean": -0.09021207690238953,
      "cosine_min": -0.26660650968551636,
      "cosine_max": 0.7203903794288635,
      "cosine_negative_count": 3520,
      "cosine_negative_fraction": 0.9053497910499573
    },
    "20": {
      "count": 3888,
      "dot_mean": -444.9398193359375,
      "dot_min": -1528.0308837890625,
      "dot_max": 2264.31005859375,
      "dot_negative_count": 3507,
      "dot_negative_fraction": 0.9020061492919922,
      "cosine_mean": -0.09050461649894714,
      "cosine_min": -0.3096199929714203,
      "cosine_max": 0.5258296132087708,
      "cosine_negative_count": 3507,
      "cosine_negative_fraction": 0.9020061492919922
    },
    "28": {
      "count": 3888,
      "dot_mean": -6019.8505859375,
      "dot_min": -27948.73046875,
      "dot_max": 37662.6171875,
      "dot_negative_count": 3407,
      "dot_negative_fraction": 0.8762860298156738,
      "cosine_mean": -0.11391757428646088,
      "cosine_min": -0.4272787570953369,
      "cosine_max": 0.4701862633228302,
      "cosine_negative_count": 3407,
      "cosine_negative_fraction": 0.8762860298156738
    }
  }
}