{
  "raw": {
    "0": {
      "count": 103,
      "dot_mean": 2.0239598751068115,
      "dot_min": -1.6312079429626465,
      "dot_max": 34.62358856201172,
      "dot_negative_count": 36,
      "dot_negative_fraction": 0.34951457381248474,
      "cosine_mean": 0.05647492781281471,
      "cosine_min": -0.04099941998720169,
      "cosine_max": 1.0,
      "cosine_negative_count": 36,
      "cosine_negative_fraction": 0.34951457381248474
    },
    "4": {
      "count": 103,
      "dot_mean": 52.54846954345703,
      "dot_min": 12.595182418823242,
      "dot_max": 110.3769760131836,
      "dot_negative_count": 0,
      "dot_negative_fraction": 0.0,
      "cosine_mean": 0.2931891083717346,
      "cosine_min": 0.06597969681024551,
      "cosine_max": 0.7233718037605286,
      "cosine_negative_count": 0,
      "cosine_negative_fraction": 0.0
    },
    "8": {
      "count": 103,
      "dot_mean": 80.7386245727539,
      "dot_min": 32.79467010498047,
      "dot_max": 293.3936767578125,
      "dot_negative_count": 0,
      "dot_negative_fraction": 0.0,
      "cosine_mean": 0.12982767820358276,
      "cosine_min": 0.04410630092024803,
      "cosine_max": 0.5835403203964233,
      "cosine_negative_count": 0,
      "cosine_negative_fraction": 0.0
    },
    "12": {
      "count": 103,
      "dot_mean": 185.99484252929688,
      "dot_min": 78.36109924316406,
      "dot_max": 752.929443359375,
      "dot_negative_count": 0,
      "dot_negative_fraction": 0.0,
      "cosine_mean": 0.10705073922872543,
      "cosine_min": 0.039938196539878845,
      "cosine_max": 0.500552773475647,
      "cosine_negative_count": 0,
      "cosine_negative_fraction": 0.0
    },
    "20": {
      "count": 103,
      "dot_mean": 918.12255859375,
      "dot_min": 346.74920654296875,
      "dot_max": 3404.649169921875,
      "dot_negative_count": 0,
      "dot_negative_fraction": 0.0,
      "cosine_mean": 0.09717848896980286,
      "cosine_min": 0.0352553054690361,
      "cosine_max": 0.3886454403400421,
      "cosine_negative_count": 0,
      "cosine_negative_fraction": 0.0
    },
    "30": {
      "count": 103,
      "dot_mean": 252.52040100097656,
      "dot_min": 3.050398826599121,
      "dot_max": 346.2189636230469,
      "dot_negative_count": 0,
      "dot_negative_fraction": 0.0,
      "cosine_mean": 0.5692393183708191,
      "cosine_min": 0.007193981669843197,
      "cosine_max": 0.7505357265472412,
      "cosine_negative_count": 0,
      "cosine_negative_fraction": 0.0
    }
  },
  "centered": {
    "0": {
      "count": 103,
      "dot_mean": -0.3573523461818695,
      "dot_min": -9.85174560546875,
      "dot_max": 36.80728530883789,
      "dot_negative_count": 41,
      "dot_negative_fraction": 0.3980582654476166,
      "cosine_mean": -0.01408200804144144,
      "cosine_min": -0.27766865491867065,
      "cosine_max": 1.0,
      "cosine_negative_count": 41,
      "cosine_negative_fraction": 0.3980582654476166
    },
    "4": {
      "count": 103,
      "dot_mean": -1.010680913925171,
      "dot_min": -23.707141876220703,
      "dot_max": 77.29381561279297,
      "dot_negative_count": 58,
      "dot_negative_fraction": 0.5631067752838135,
      "cosine_mean": -0.008802572265267372,
      "cosine_min": -0.18870067596435547,
      "cosine_max": 0.6493898630142212,
      "cosine_negative_count": 58,
      "cosine_negative_fraction": 0.5631067752838135
    },
    "8": {
      "count": 103,
      "dot_mean": -5.270251750946045,
      "dot_min": -94.80329895019531,
      "dot_max": 301.09967041015625,
      "dot_negative_count": 61,
      "dot_negative_fraction": 0.5922330021858215,
      "cosine_mean": -0.016013961285352707,
      "cosine_min": -0.19173015654087067,
      "cosine_max": 0.5897873044013977,
      "cosine_negative_count": 61,
      "cosine_negative_fraction": 0.5922330021858215
    },
    "12": {
      "count": 103,
      "dot_mean": -16.882282257080078,
      "dot_min": -273.68896484375,
      "dot_max": 763.678955078125,
      "dot_negative_count": 52,
      "dot_negative_fraction": 0.5048543810844421,
      "cosine_mean": -0.011393547058105469,
      "cosine_min": -0.16518329083919525,
      "cosine_max": 0.5034844279289246,
      "cosine_negative_count": 52,
      "cosine_negative_fraction": 0.5048543810844421
    },
    "20": {
      "count": 103,
      "dot_mean": -94.29430389404297,
      "dot_min": -1342.8812255859375,
      "dot_max": 3045.9208984375,
      "dot_negative_count": 55,
      "dot_negative_fraction": 0.5339806079864502,
      "cosine_mean": -0.012361666187644005,
      "cosine_min": -0.16530059278011322,
      "cosine_max": 0.36484837532043457,
      "cosine_negative_count": 55,
      "cosine_negative_fraction": 0.5339806079864502
    },
    "30": {
      "count": 103,
      "dot_mean": -1.872922420501709,
      "dot_min": -57.092620849609375,
      "dot_max": 62.516971588134766,
      "dot_negative_count": 54,
      "dot_negative_fraction": 0.5242718458175659,
      "cosine_mean": 0.0027694280724972486,
      "cosine_min": -0.27729901671409607,
      "cosine_max": 0.35254231095314026,
      "cosine_negative_count": 54,
      "cosine_negative_fraction": 0.5242718458175659
    }
  }
}