{
  "raw": {
    "0": {
      "count": 4360,
      "dot_mean": 0.0006192081491462886,
      "dot_min": -0.0007617376395501196,
      "dot_max": 0.012514092959463596,
      "dot_negative_count": 539,
      "dot_negative_fraction": 0.12362385541200638,
      "cosine_mean": 0.04830282926559448,
      "cosine_min": -0.04551183432340622,
      "cosine_max": 1.0,
      "cosine_negative_count": 539,
      "cosine_negative_fraction": 0.12362385541200638
    },
    "4": {
      "count": 4360,
      "dot_mean": 0.08743800222873688,
      "dot_min": 0.011923856101930141,
      "dot_max": 0.3495425879955292,
      "dot_negative_count": 0,
      "dot_negative_fraction": 0.0,
      "cosine_mean": 0.13937364518642426,
      "cosine_min": 0.015537906438112259,
      "cosine_max": 0.4802989661693573,
      "cosine_negative_count": 0,
      "cosine_negative_fraction": 0.0
    },
    "8": {
      "count": 4360,
      "dot_mean": 0.48712700605392456,
      "dot_min": 2.4177134037017822e-05,
      "dot_max": 1.1969331502914429,
      "dot_negative_count": 0,
      "dot_negative_fraction": 0.0,
      "cosine_mean": 0.14338265359401703,
      "cosine_min": 6.282419235503767e-06,
      "cosine_max": 0.4520930349826813,
      "cosine_negative_count": 0,
      "cosine_negative_fraction": 0.0
    },
    "12": {
      "count": 4360,
      "dot_mean": 1.2941771745681763,
      "dot_min": -0.33746153116226196,
      "dot_max": 4.28549861907959,
      "dot_negative_count": 18,
      "dot_negative_fraction": 0.004128440283238888,
      "cosine_mean": 0.1303715705871582,
      "cosine_min": -0.03202827647328377,
      "cosine_max": 0.48412173986434937,
      "cosine_negative_count": 18,
      "cosine_negative_fraction": 0.004128440283238888
    },
    "20": {
      "count": 4360,
      "dot_mean": 14.667389869689941,
      "dot_min": -3.174610137939453,
      "dot_max": 38.21918487548828,
      "dot_negative_count": 8,
      "dot_negative_fraction": 0.0018348623998463154,
      "cosine_mean": 0.1570943295955658,
      "cosine_min": -0.029757380485534668,
      "cosine_max": 0.4373067021369934,
      "cosine_negative_count": 8,
      "cosine_negative_fraction": 0.0018348623998463154
    },
    "32": {
      "count": 4360,
      "dot_mean": 14638.185546875,
      "dot_min": -34306.58203125,
      "dot_max": 135771.765625,
      "dot_negative_count": 818,
      "dot_negative_fraction": 0.18761467933654785,
      "cosine_mean": 0.12350697815418243,
      "cosine_min": -0.2254103124141693,
      "cosine_max": 0.68502277135849,
      "cosine_negative_count": 818,
      "cosine_negative_fraction": 0.18761467933654785
    }
  },
  "centered": {
    "0": {
      "count": 4360,
      "dot_mean": -0.0004251583304721862,
      "dot_min": -0.0019945793319493532,
      "dot_max": 0.012428753077983856,
      "dot_negative_count": 3103,
      "dot_negative_fraction": 0.7116972208023071,
      "cosine_mean": -0.03144000843167305,
      "cosine_min": -0.24373063445091248,
      "cosine_max": 1.0,
      "cosine_negative_count": 3103,
      "cosine_negative_fraction": 0.7116972208023071
    },
    "4": {
      "count": 4360,
      "dot_mean": -0.026432467624545097,
      "dot_min": -0.1126910150051117,
      "dot_max": 0.3341681957244873,
      "dot_negative_count": 3651,
      "dot_negative_fraction": 0.8373852968215942,
      "cosine_mean": -0.05170657858252525,
      "cosine_min": -0.22001241147518158,
      "cosine_max": 0.46914058923721313,
      "cosine_negative_count": 3651,
      "cosine_negative_fraction": 0.8373852968215942
    },
    "8": {
      "count": 4360,
      "dot_mean": -0.24149858951568604,
      "dot_min": -0.6694017052650452,
      "dot_max": 1.1732280254364014,
      "dot_negative_count": 4030,
      "dot_negative_fraction": 0.9243119359016418,
      "cosine_mean": -0.0900106281042099,
      "cosine_min": -0.2662792503833771,
      "cosine_max": 0.3791588246822357,
      "cosine_negative_count": 4030,
      "cosine_negative_fraction": 0.9243119359016418
    },
    "12": {
      "count": 4360,
      "dot_mean": -0.6401042938232422,
      "dot_min": -1.9184733629226685,
      "dot_max": 3.7156355381011963,
      "dot_negative_count": 3896,
      "dot_negative_fraction": 0.8935779929161072,
      "cosine_mean": -0.07993194460868835,
      "cosine_min": -0.2628009617328644,
      "cosine_max": 0.45726433396339417,
      "cosine_negative_count": 3896,
      "cosine_negative_fraction": 0.8935779929161072
    },
    "20": {
      "count": 4360,
      "dot_mean": -6.342271327972412,
      "dot_min": -18.501224517822266,
      "dot_max": 16.681373596191406,
      "dot_negative_count": 3975,
      "dot_negative_fraction": 0.911697268486023,
      "cosine_mean": -0.08616761863231659,
      "cosine_min": -0.26070448756217957,
      "cosine_max": 0.3658909797668457,
      "cosine_negative_count": 3975,
      "cosine_negative_fraction": 0.911697268486023
    },
    "32": {
      "count": 4360,
      "dot_mean": -12349.7919921875,
      "dot_min": -58860.4453125,
      "dot_max": 119489.1484375,
      "dot_negative_count": 3538,
      "dot_negative_fraction": 0.8114678859710693,
      "cosine_mean": -0.15310005843639374,
      "cosine_min": -0.4998651444911957,
      "cosine_max": 0.6620677709579468,
      "cosine_negative_count": 3538,
      "cosine_negative_fraction": 0.8114678859710693
    }
  }
}