{
  "raw": {
    "0": {
      "count": 10000,
      "dot_mean": 0.0015558012528344989,
      "dot_min": -0.0009389426559209824,
      "dot_max": 0.02802221104502678,
      "dot_negative_count": 842,
      "dot_negative_fraction": 0.08420000225305557,
      "cosine_mean": 0.1258951723575592,
      "cosine_min": -0.09022969752550125,
      "cosine_max": 1.0,
      "cosine_negative_count": 842,
      "cosine_negative_fraction": 0.08420000225305557
    },
    "4": {
      "count": 10000,
      "dot_mean": 0.1508595049381256,
      "dot_min": 0.01786872372031212,
      "dot_max": 0.8168189525604248,
      "dot_negative_count": 0,
      "dot_negative_fraction": 0.0,
      "cosine_mean": 0.24863186478614807,
      "cosine_min": 0.02448202483355999,
      "cosine_max": 0.9600235223770142,
      "cosine_negative_count": 0,
      "cosine_negative_fraction": 0.0
    },
    "8": {
      "count": 10000,
      "dot_mean": 0.8793680667877197,
      "dot_min": 0.07724402844905853,
      "dot_max": 3.476715087890625,
      "dot_negative_count": 0,
      "dot_negative_fraction": 0.0,
      "cosine_mean": 0.255957692861557,
      "cosine_min": 0.02045326866209507,
      "cosine_max": 0.9282621145248413,
      "cosine_negative_count": 0,
      "cosine_negative_fraction": 0.0
    },
    "12": {
      "count": 10000,
      "dot_mean": 1.9880839586257935,
      "dot_min": 0.11882881820201874,
      "dot_max": 9.949080467224121,
      "dot_negative_count": 0,
      "dot_negative_fraction": 0.0,
      "cosine_mean": 0.21095490455627441,
      "cosine_min": 0.01188951451331377,
      "cosine_max": 0.8814699649810791,
      "cosine_negative_count": 0,
      "cosine_negative_fraction": 0.0
    },
    "20": {
      "count": 10000,
      "dot_mean": 21.92542266845703,
      "dot_min": 1.3250701427459717,
      "dot_max": 93.53680419921875,
      "dot_negative_count": 0,
      "dot_negative_fraction": 0.0,
      "cosine_mean": 0.254703164100647,
      "cosine_min": 0.014609302394092083,
      "cosine_max": 0.848351240158081,
      "cosine_negative_count": 0,
      "cosine_negative_fraction": 0.0
    },
    "32": {
      "count": 10000,
      "dot_mean": 37301.2421875,
      "dot_min": -30844.576171875,
      "dot_max": 149649.59375,
      "dot_negative_count": 426,
      "dot_negative_fraction": 0.04259999841451645,
      "cosine_mean": 0.31019145250320435,
      "cosine_min": -0.22428442537784576,
      "cosine_max": 0.8752874135971069,
      "cosine_negative_count": 426,
      "cosine_negative_fraction": 0.04259999841451645
    }
  },
  "centered": {
    "0": {
      "count": 10000,
      "dot_mean": -9.18827936402522e-06,
      "dot_min": -0.0025443437043577433,
      "dot_max": 0.026567332446575165,
      "dot_negative_count": 6099,
      "dot_negative_fraction": 0.6098999977111816,
      "cosine_mean": 0.00585803110152483,
      "cosine_min": -0.248674675822258,
      "cosine_max": 1.0,
      "cosine_negative_count": 6099,
      "cosine_negative_fraction": 0.6098999977111816
    },
    "4": {
      "count": 10000,
      "dot_mean": -0.0007443095673806965,
      "dot_min": -0.10184979438781738,
      "dot_max": 0.5691478252410889,
      "dot_negative_count": 6219,
      "dot_negative_fraction": 0.6219000220298767,
      "cosine_mean": -0.0010730787180364132,
      "cosine_min": -0.25163906812667847,
      "cosine_max": 0.950268566608429,
      "cosine_negative_count": 6219,
      "cosine_negative_fraction": 0.6219000220298767
    },
    "8": {
      "count": 10000,
      "dot_mean": -0.0036768896970897913,
      "dot_min": -0.635262668132782,
      "dot_max": 2.498993396759033,
      "dot_negative_count": 6061,
      "dot_negative_fraction": 0.6061000227928162,
      "cosine_mean": -0.0010692569194361567,
      "cosine_min": -0.29946595430374146,
      "cosine_max": 0.9094395041465759,
      "cosine_negative_count": 6061,
      "cosine_negative_fraction": 0.6061000227928162
    },
    "12": {
      "count": 10000,
      "dot_mean": -0.010256936773657799,
      "dot_min": -1.9303580522537231,
      "dot_max": 8.154656410217285,
      "dot_negative_count": 6033,
      "dot_negative_fraction": 0.6032999753952026,
      "cosine_mean": -0.001207340625114739,
      "cosine_min": -0.22896431386470795,
      "cosine_max": 0.8590499758720398,
      "cosine_negative_count": 6033,
      "cosine_negative_fraction": 0.6032999753952026
    },
    "20": {
      "count": 10000,
      "dot_mean": -0.1535016894340515,
      "dot_min": -15.427769660949707,
      "dot_max": 71.19979858398438,
      "dot_negative_count": 5959,
      "dot_negative_fraction": 0.5958999991416931,
      "cosine_mean": -0.001910275430418551,
      "cosine_min": -0.22255365550518036,
      "cosine_max": 0.8100507855415344,
      "cosine_negative_count": 5959,
      "cosine_negative_fraction": 0.5958999991416931
    },
    "32": {
      "count": 10000,
      "dot_mean": -400.2674865722656,
      "dot_min": -52145.796875,
      "dot_max": 118729.0625,
      "dot_negative_count": 5451,
      "dot_negative_fraction": 0.5450999736785889,
      "cosine_mean": -0.002948335139080882,
      "cosine_min": -0.4966888427734375,
      "cosine_max": 0.8097691535949707,
      "cosine_negative_count": 5451,
      "cosine_negative_fraction": 0.5450999736785889
    }
  }
}