{
  "raw": {
    "0": {
      "count": 3456,
      "dot_mean": 0.04358674958348274,
      "dot_min": -0.3429346978664398,
      "dot_max": 0.9492787718772888,
      "dot_negative_count": 1643,
      "dot_negative_fraction": 0.47540509700775146,
      "cosine_mean": 0.042680732905864716,
      "cosine_min": -0.23559965193271637,
      "cosine_max": 1.0,
      "cosine_negative_count": 1643,
      "cosine_negative_fraction": 0.47540509700775146
    },
    "4": {
      "count": 3456,
      "dot_mean": 3.1098721027374268,
      "dot_min": 0.6886380910873413,
      "dot_max": 9.598491668701172,
      "dot_negative_count": 0,
      "dot_negative_fraction": 0.0,
      "cosine_mean": 0.17153584957122803,
      "cosine_min": 0.03972729668021202,
      "cosine_max": 0.6739703416824341,
      "cosine_negative_count": 0,
      "cosine_negative_fraction": 0.0
    },
    "8": {
      "count": 3456,
      "dot_mean": 5.706462860107422,
      "dot_min": -0.33726322650909424,
      "dot_max": 20.417091369628906,
      "dot_negative_count": 3,
      "dot_negative_fraction": 0.0008680555620230734,
      "cosine_mean": 0.13383066654205322,
      "cosine_min": -0.008440498262643814,
      "cosine_max": 0.5213053226470947,
      "cosine_negative_count": 3,
      "cosine_negative_fraction": 0.0008680555620230734
    },
    "12": {
      "count": 3456,
      "dot_mean": 11.213704109191895,
      "dot_min": -0.2580842971801758,
      "dot_max": 36.405540466308594,
      "dot_negative_count": 1,
      "dot_negative_fraction": 0.00028935185400769114,
      "cosine_mean": 0.14201419055461884,
      "cosine_min": -0.0037238134536892176,
      "cosine_max": 0.49824628233909607,
      "cosine_negative_count": 1,
      "cosine_negative_fraction": 0.00028935185400769114
    },
    "20": {
      "count": 3456,
      "dot_mean": 58.57395935058594,
      "dot_min": -17.43494987487793,
      "dot_max": 140.4646759033203,
      "dot_negative_count": 17,
      "dot_negative_fraction": 0.004918981343507767,
      "cosine_mean": 0.18764999508857727,
      "cosine_min": -0.06430649012327194,
      "cosine_max": 0.4426088333129883,
      "cosine_negative_count": 17,
      "cosine_negative_fraction": 0.004918981343507767
    },
    "28": {
      "count": 3456,
      "dot_mean": 1452.079833984375,
      "dot_min": -847.5015258789062,
      "dot_max": 4604.6943359375,
      "dot_negative_count": 124,
      "dot_negative_fraction": 0.03587963059544563,
      "cosine_mean": 0.1948063224554062,
      "cosine_min": -0.1126149594783783,
      "cosine_max": 0.5849326252937317,
      "cosine_negative_count": 124,
      "cosine_negative_fraction": 0.03587963059544563
    }
  },
  "centered": {
    "0": {
      "count": 3456,
      "dot_mean": -0.02307659573853016,
      "dot_min": -0.43008479475975037,
      "dot_max": 0.8467651605606079,
      "dot_negative_count": 2198,
      "dot_negative_fraction": 0.6359953880310059,
      "cosine_mean": -0.025951791554689407,
      "cosine_min": -0.3335321545600891,
      "cosine_max": 1.0,
      "cosine_negative_count": 2198,
      "cosine_negative_fraction": 0.6359953880310059
    },
    "4": {
      "count": 3456,
      "dot_mean": -0.8167986869812012,
      "dot_min": -3.0980098247528076,
      "dot_max": 6.984216690063477,
      "dot_negative_count": 2963,
      "dot_negative_fraction": 0.8573495149612427,
      "cosine_mean": -0.056205131113529205,
      "cosine_min": -0.2081722468137741,
      "cosine_max": 0.5995137691497803,
      "cosine_negative_count": 2963,
      "cosine_negative_fraction": 0.8573495149612427
    },
    "8": {
      "count": 3456,
      "dot_mean": -2.7444286346435547,
      "dot_min": -9.032154083251953,
      "dot_max": 17.224441528320312,
      "dot_negative_count": 3193,
      "dot_negative_fraction": 0.9239004850387573,
      "cosine_mean": -0.08048668503761292,
      "cosine_min": -0.24244439601898193,
      "cosine_max": 0.47607412934303284,
      "cosine_negative_count": 3193,
      "cosine_negative_fraction": 0.9239004850387573
    },
    "12": {
      "count": 3456,
      "dot_mean": -5.53108024597168,
      "dot_min": -16.71923065185547,
      "dot_max": 21.94321060180664,
      "dot_negative_count": 3190,
      "dot_negative_fraction": 0.9230324029922485,
      "cosine_mean": -0.08860144764184952,
      "cosine_min": -0.25453847646713257,
      "cosine_max": 0.4129447340965271,
      "cosine_negative_count": 3190,
      "cosine_negative_fraction": 0.9230324029922485
    },
    "20": {
      "count": 3456,
      "dot_mean": -20.858957290649414,
      "dot_min": -65.69194030761719,
      "dot_max": 76.82038879394531,
      "dot_negative_count": 3172,
      "dot_negative_fraction": 0.9178240895271301,
      "cosine_mean": -0.09017624706029892,
      "cosine_min": -0.2665395438671112,
      "cosine_max": 0.29968690872192383,
      "cosine_negative_count": 3172,
      "cosine_negative_fraction": 0.9178240895271301
    },
    "28": {
      "count": 3456,
      "dot_mean": -513.875732421875,
      "dot_min": -2050.724609375,
      "dot_max": 2152.643798828125,
      "dot_negative_count": 2959,
      "dot_negative_fraction": 0.8561921119689941,
      "cosine_mean": -0.09664557874202728,
      "cosine_min": -0.35939741134643555,
      "cosine_max": 0.28577443957328796,
      "cosine_negative_count": 2959,
      "cosine_negative_fraction": 0.8561921119689941
    }
  }
}