{
  "raw": {
    "0": {
      "count": 3456,
      "dot_mean": 0.04216006025671959,
      "dot_min": -0.3494800329208374,
      "dot_max": 0.9459957480430603,
      "dot_negative_count": 1657,
      "dot_negative_fraction": 0.47945600748062134,
      "cosine_mean": 0.04418085515499115,
      "cosine_min": -0.21961435675621033,
      "cosine_max": 1.0,
      "cosine_negative_count": 1657,
      "cosine_negative_fraction": 0.47945600748062134
    },
    "4": {
      "count": 3456,
      "dot_mean": 4.080141544342041,
      "dot_min": 0.4498709440231323,
      "dot_max": 10.492809295654297,
      "dot_negative_count": 0,
      "dot_negative_fraction": 0.0,
      "cosine_mean": 0.1980503350496292,
      "cosine_min": 0.027545690536499023,
      "cosine_max": 0.6098008751869202,
      "cosine_negative_count": 0,
      "cosine_negative_fraction": 0.0
    },
    "8": {
      "count": 3456,
      "dot_mean": 7.4592108726501465,
      "dot_min": 0.7950853705406189,
      "dot_max": 19.55129623413086,
      "dot_negative_count": 0,
      "dot_negative_fraction": 0.0,
      "cosine_mean": 0.16967059671878815,
      "cosine_min": 0.015482254326343536,
      "cosine_max": 0.5076451897621155,
      "cosine_negative_count": 0,
      "cosine_negative_fraction": 0.0
    },
    "12": {
      "count": 3456,
      "dot_mean": 13.093086242675781,
      "dot_min": 1.1972732543945312,
      "dot_max": 35.61307907104492,
      "dot_negative_count": 0,
      "dot_negative_fraction": 0.0,
      "cosine_mean": 0.1767541766166687,
      "cosine_min": 0.01734449900686741,
      "cosine_max": 0.5576109290122986,
      "cosine_negative_count": 0,
      "cosine_negative_fraction": 0.0
    },
    "20": {
      "count": 3456,
      "dot_mean": 95.48920440673828,
      "dot_min": 12.351444244384766,
      "dot_max": 282.09906005859375,
      "dot_negative_count": 0,
      "dot_negative_fraction": 0.0,
      "cosine_mean": 0.2662278711795807,
      "cosine_min": 0.032273437827825546,
      "cosine_max": 0.6905481219291687,
      "cosine_negative_count": 0,
      "cosine_negative_fraction": 0.0
    },
    "28": {
      "count": 3456,
      "dot_mean": 2696.66259765625,
      "dot_min": 329.538330078125,
      "dot_max": 5071.6640625,
      "dot_negative_count": 0,
      "dot_negative_fraction": 0.0,
      "cosine_mean": 0.3485572934150696,
      "cosine_min": 0.040896281599998474,
      "cosine_max": 0.6551380753517151,
      "cosine_negative_count": 0,
      "cosine_negative_fraction": 0.0
    }
  },
  "centered": {
    "0": {
      "count": 3456,
      "dot_mean": -0.02399725653231144,
      "dot_min": -0.4119441509246826,
      "dot_max": 0.8674933910369873,
      "dot_negative_count": 2199,
      "dot_negative_fraction": 0.6362847089767456,
      "cosine_mean": -0.02606518380343914,
      "cosine_min": -0.3201887309551239,
      "cosine_max": 1.0,
      "cosine_negative_count": 2199,
      "cosine_negative_fraction": 0.6362847089767456
    },
    "4": {
      "count": 3456,
      "dot_mean": -0.9234260320663452,
      "dot_min": -3.311169385910034,
      "dot_max": 7.289320945739746,
      "dot_negative_count": 2992,
      "dot_negative_fraction": 0.8657407164573669,
      "cosine_mean": -0.05986340716481209,
      "cosine_min": -0.2129666954278946,
      "cosine_max": 0.5352243781089783,
      "cosine_negative_count": 2992,
      "cosine_negative_fraction": 0.8657407164573669
    },
    "8": {
      "count": 3456,
      "dot_mean": -2.6975879669189453,
      "dot_min": -8.313097953796387,
      "dot_max": 14.647882461547852,
      "dot_negative_count": 3142,
      "dot_negative_fraction": 0.9091435074806213,
      "cosine_mean": -0.07915320247411728,
      "cosine_min": -0.23133866488933563,
      "cosine_max": 0.43926215171813965,
      "cosine_negative_count": 3142,
      "cosine_negative_fraction": 0.9091435074806213
    },
    "12": {
      "count": 3456,
      "dot_mean": -4.790203094482422,
      "dot_min": -14.836008071899414,
      "dot_max": 24.34575843811035,
      "dot_negative_count": 3075,
      "dot_negative_fraction": 0.8897569179534912,
      "cosine_mean": -0.08398771286010742,
      "cosine_min": -0.24589098989963531,
      "cosine_max": 0.44748300313949585,
      "cosine_negative_count": 3075,
      "cosine_negative_fraction": 0.8897569179534912
    },
    "20": {
      "count": 3456,
      "dot_mean": -21.593311309814453,
      "dot_min": -69.42805480957031,
      "dot_max": 127.60932922363281,
      "dot_negative_count": 3109,
      "dot_negative_fraction": 0.8995949029922485,
      "cosine_mean": -0.08891263604164124,
      "cosine_min": -0.2727898061275482,
      "cosine_max": 0.5022164583206177,
      "cosine_negative_count": 3109,
      "cosine_negative_fraction": 0.8995949029922485
    },
    "28": {
      "count": 3456,
      "dot_mean": -605.4677734375,
      "dot_min": -1764.73388671875,
      "dot_max": 3341.4638671875,
      "dot_negative_count": 3208,
      "dot_negative_fraction": 0.9282407164573669,
      "cosine_mean": -0.14390598237514496,
      "cosine_min": -0.39887404441833496,
      "cosine_max": 0.5299242734909058,
      "cosine_negative_count": 3208,
      "cosine_negative_fraction": 0.9282407164573669
    }
  }
}