{
  "raw": {
    "0": {
      "count": 172,
      "dot_mean": 0.0008557965629734099,
      "dot_min": -0.00028078246396034956,
      "dot_max": 0.003817940130829811,
      "dot_negative_count": 14,
      "dot_negative_fraction": 0.08139535039663315,
      "cosine_mean": 0.07915588468313217,
      "cosine_min": -0.015609930269420147,
      "cosine_max": 0.42781588435173035,
      "cosine_negative_count": 14,
      "cosine_negative_fraction": 0.08139535039663315
    },
    "4": {
      "count": 172,
      "dot_mean": 0.08286459743976593,
      "dot_min": 0.012852756306529045,
      "dot_max": 0.21590211987495422,
      "dot_negative_count": 0,
      "dot_negative_fraction": 0.0,
      "cosine_mean": 0.13821746408939362,
      "cosine_min": 0.023239528760313988,
      "cosine_max": 0.33776652812957764,
      "cosine_negative_count": 0,
      "cosine_negative_fraction": 0.0
    },
    "8": {
      "count": 172,
      "dot_mean": 0.3763856291770935,
      "dot_min": 0.1153084933757782,
      "dot_max": 1.025068759918213,
      "dot_negative_count": 0,
      "dot_negative_fraction": 0.0,
      "cosine_mean": 0.11459893733263016,
      "cosine_min": 0.03378096967935562,
      "cosine_max": 0.3637383282184601,
      "cosine_negative_count": 0,
      "cosine_negative_fraction": 0.0
    },
    "12": {
      "count": 172,
      "dot_mean": 1.0096006393432617,
      "dot_min": 0.03482818603515625,
      "dot_max": 3.1528971195220947,
      "dot_negative_count": 0,
      "dot_negative_fraction": 0.0,
      "cosine_mean": 0.10722262412309647,
      "cosine_min": 0.003225884633138776,
      "cosine_max": 0.3810885548591614,
      "cosine_negative_count": 0,
      "cosine_negative_fraction": 0.0
    },
    "20": {
      "count": 172,
      "dot_mean": 12.491006851196289,
      "dot_min": 1.1433212757110596,
      "dot_max": 38.33017349243164,
      "dot_negative_count": 0,
      "dot_negative_fraction": 0.0,
      "cosine_mean": 0.11490190029144287,
      "cosine_min": 0.011775942519307137,
      "cosine_max": 0.37277650833129883,
      "cosine_negative_count": 0,
      "cosine_negative_fraction": 0.0
    },
    "32": {
      "count": 172,
      "dot_mean": 22260.34765625,
      "dot_min": -33204.109375,
      "dot_max": 80932.671875,
      "dot_negative_count": 24,
      "dot_negative_fraction": 0.13953489065170288,
      "cosine_mean": 0.1588445007801056,
      "cosine_min": -0.23523370921611786,
      "cosine_max": 0.5576510429382324,
      "cosine_negative_count": 24,
      "cosine_negative_fraction": 0.13953489065170288
    }
  },
  "centered": {
    "0": {
      "count": 172,
      "dot_mean": -5.542998042074032e-05,
      "dot_min": -0.0010645064758136868,
      "dot_max": 0.002949730958789587,
      "dot_negative_count": 124,
      "dot_negative_fraction": 0.7209302186965942,
      "cosine_mean": 0.008043804205954075,
      "cosine_min": -0.08982596546411514,
      "cosine_max": 0.3665219843387604,
      "cosine_negative_count": 124,
      "cosine_negative_fraction": 0.7209302186965942
    },
    "4": {
      "count": 172,
      "dot_mean": -0.003015305148437619,
      "dot_min": -0.05081428959965706,
      "dot_max": 0.18968777358531952,
      "dot_negative_count": 107,
      "dot_negative_fraction": 0.6220930218696594,
      "cosine_mean": -0.0034051707480102777,
      "cosine_min": -0.08865197002887726,
      "cosine_max": 0.31083807349205017,
      "cosine_negative_count": 107,
      "cosine_negative_fraction": 0.6220930218696594
    },
    "8": {
      "count": 172,
      "dot_mean": -0.01702146977186203,
      "dot_min": -0.31876689195632935,
      "dot_max": 1.1752758026123047,
      "dot_negative_count": 112,
      "dot_negative_fraction": 0.6511628031730652,
      "cosine_mean": -0.0032384053338319063,
      "cosine_min": -0.09365300089120865,
      "cosine_max": 0.3959239423274994,
      "cosine_negative_count": 112,
      "cosine_negative_fraction": 0.6511628031730652
    },
    "12": {
      "count": 172,
      "dot_mean": -0.05110669508576393,
      "dot_min": -1.0876833200454712,
      "dot_max": 3.2930877208709717,
      "dot_negative_count": 105,
      "dot_negative_fraction": 0.6104651093482971,
      "cosine_mean": -0.004833075683563948,
      "cosine_min": -0.12053686380386353,
      "cosine_max": 0.39140453934669495,
      "cosine_negative_count": 105,
      "cosine_negative_fraction": 0.6104651093482971
    },
    "20": {
      "count": 172,
      "dot_mean": -0.6521071195602417,
      "dot_min": -14.785642623901367,
      "dot_max": 27.37686538696289,
      "dot_negative_count": 100,
      "dot_negative_fraction": 0.5813953280448914,
      "cosine_mean": -0.007033322472125292,
      "cosine_min": -0.16394464671611786,
      "cosine_max": 0.3049463629722595,
      "cosine_negative_count": 100,
      "cosine_negative_fraction": 0.5813953280448914
    },
    "32": {
      "count": 172,
      "dot_mean": -790.6810302734375,
      "dot_min": -22835.39453125,
      "dot_max": 55520.0234375,
      "dot_negative_count": 108,
      "dot_negative_fraction": 0.6279069781303406,
      "cosine_mean": -0.009182607755064964,
      "cosine_min": -0.19907009601593018,
      "cosine_max": 0.4679315388202667,
      "cosine_negative_count": 108,
      "cosine_negative_fraction": 0.6279069781303406
    }
  }
}