{
  "raw": {
    "0": {
      "count": 3888,
      "dot_mean": 0.04419246315956116,
      "dot_min": -0.2353806048631668,
      "dot_max": 0.8275441527366638,
      "dot_negative_count": 1772,
      "dot_negative_fraction": 0.4557613134384155,
      "cosine_mean": 0.0692470520734787,
      "cosine_min": -0.3532249331474304,
      "cosine_max": 1.0,
      "cosine_negative_count": 1772,
      "cosine_negative_fraction": 0.4557613134384155
    },
    "4": {
      "count": 3888,
      "dot_mean": 0.9341840744018555,
      "dot_min": 0.06920226663351059,
      "dot_max": 2.1749513149261475,
      "dot_negative_count": 0,
      "dot_negative_fraction": 0.0,
      "cosine_mean": 0.3039420545101166,
      "cosine_min": 0.01715368591248989,
      "cosine_max": 0.619719386100769,
      "cosine_negative_count": 0,
      "cosine_negative_fraction": 0.0
    },
    "8": {
      "count": 3888,
      "dot_mean": 1.222523808479309,
      "dot_min": 0.10273995995521545,
      "dot_max": 2.5031919479370117,
      "dot_negative_count": 0,
      "dot_negative_fraction": 0.0,
      "cosine_mean": 0.3311366140842438,
      "cosine_min": 0.027720632031559944,
      "cosine_max": 0.7073773741722107,
      "cosine_negative_count": 0,
      "cosine_negative_fraction": 0.0
    },
    "12": {
      "count": 3888,
      "dot_mean": 1.3606921434402466,
      "dot_min": 0.22702869772911072,
      "dot_max": 2.9982478618621826,
      "dot_negative_count": 0,
      "dot_negative_fraction": 0.0,
      "cosine_mean": 0.2964704632759094,
      "cosine_min": 0.05266614258289337,
      "cosine_max": 0.636885941028595,
      "cosine_negative_count": 0,
      "cosine_negative_fraction": 0.0
    },
    "20": {
      "count": 3888,
      "dot_mean": 18.08024024963379,
      "dot_min": 5.2912702560424805,
      "dot_max": 35.85527801513672,
      "dot_negative_count": 0,
      "dot_negative_fraction": 0.0,
      "cosine_mean": 0.3742557764053345,
      "cosine_min": 0.14962004125118256,
      "cosine_max": 0.7031165361404419,
      "cosine_negative_count": 0,
      "cosine_negative_fraction": 0.0
    },
    "24": {
      "count": 3888,
      "dot_mean": 3364.8779296875,
      "dot_min": -1094.435302734375,
      "dot_max": 10357.8310546875,
      "dot_negative_count": 24,
      "dot_negative_fraction": 0.006172839552164078,
      "cosine_mean": 0.2265167236328125,
      "cosine_min": -0.07487282156944275,
      "cosine_max": 0.6132028102874756,
      "cosine_negative_count": 24,
      "cosine_negative_fraction": 0.006172839552164078
    }
  },
  "centered": {
    "0": {
      "count": 3888,
      "dot_mean": -0.019890429452061653,
      "dot_min": -0.31528982520103455,
      "dot_max": 0.5834237933158875,
      "dot_negative_count": 2599,
      "dot_negative_fraction": 0.668467104434967,
      "cosine_mean": -0.06090698391199112,
      "cosine_min": -0.47263267636299133,
      "cosine_max": 1.0,
      "cosine_negative_count": 2599,
      "cosine_negative_fraction": 0.668467104434967
    },
    "4": {
      "count": 3888,
      "dot_mean": -0.1516747623682022,
      "dot_min": -0.7545063495635986,
      "dot_max": 1.1552071571350098,
      "dot_negative_count": 3176,
      "dot_negative_fraction": 0.8168724179267883,
      "cosine_mean": -0.08047069609165192,
      "cosine_min": -0.2915535271167755,
      "cosine_max": 0.625432550907135,
      "cosine_negative_count": 3176,
      "cosine_negative_fraction": 0.8168724179267883
    },
    "8": {
      "count": 3888,
      "dot_mean": -0.17570511996746063,
      "dot_min": -0.7777986526489258,
      "dot_max": 1.4040782451629639,
      "dot_negative_count": 3265,
      "dot_negative_fraction": 0.8397634029388428,
      "cosine_mean": -0.07842986285686493,
      "cosine_min": -0.3245461583137512,
      "cosine_max": 0.6724662780761719,
      "cosine_negative_count": 3265,
      "cosine_negative_fraction": 0.8397634029388428
    },
    "12": {
      "count": 3888,
      "dot_mean": -0.24427922070026398,
      "dot_min": -0.9138873815536499,
      "dot_max": 1.401458978652954,
      "dot_negative_count": 3239,
      "dot_negative_fraction": 0.8330761194229126,
      "cosine_mean": -0.08230389654636383,
      "cosine_min": -0.3151942789554596,
      "cosine_max": 0.5942387580871582,
      "cosine_negative_count": 3239,
      "cosine_negative_fraction": 0.8330761194229126
    },
    "20": {
      "count": 3888,
      "dot_mean": -2.9875869750976562,
      "dot_min": -8.1392240524292,
      "dot_max": 13.043885231018066,
      "dot_negative_count": 3577,
      "dot_negative_fraction": 0.9200102686882019,
      "cosine_mean": -0.11325868964195251,
      "cosine_min": -0.308076411485672,
      "cosine_max": 0.4557604193687439,
      "cosine_negative_count": 3577,
      "cosine_negative_fraction": 0.9200102686882019
    },
    "24": {
      "count": 3888,
      "dot_mean": -1409.708251953125,
      "dot_min": -4206.095703125,
      "dot_max": 7517.08203125,
      "dot_negative_count": 3429,
      "dot_negative_fraction": 0.8819444179534912,
      "cosine_mean": -0.14829781651496887,
      "cosine_min": -0.43075302243232727,
      "cosine_max": 0.5348358154296875,
      "cosine_negative_count": 3429,
      "cosine_negative_fraction": 0.8819444179534912
    }
  }
}