{
  "raw": {
    "0": {
      "count": 10000,
      "dot_mean": 0.0403745099902153,
      "dot_min": -0.4357735812664032,
      "dot_max": 1.4349899291992188,
      "dot_negative_count": 4360,
      "dot_negative_fraction": 0.4359999895095825,
      "cosine_mean": 0.04097859561443329,
      "cosine_min": -0.28960564732551575,
      "cosine_max": 1.0,
      "cosine_negative_count": 4360,
      "cosine_negative_fraction": 0.4359999895095825
    },
    "4": {
      "count": 10000,
      "dot_mean": 4.1704277992248535,
      "dot_min": 0.8583024740219116,
      "dot_max": 11.625772476196289,
      "dot_negative_count": 0,
      "dot_negative_fraction": 0.0,
      "cosine_mean": 0.19649086892604828,
      "cosine_min": 0.04568180814385414,
      "cosine_max": 0.6454848647117615,
      "cosine_negative_count": 0,
      "cosine_negative_fraction": 0.0
    },
    "8": {
      "count": 10000,
      "dot_mean": 6.944105625152588,
      "dot_min": 1.168055534362793,
      "dot_max": 19.917953491210938,
      "dot_negative_count": 0,
      "dot_negative_fraction": 0.0,
      "cosine_mean": 0.1467897593975067,
      "cosine_min": 0.028799228370189667,
      "cosine_max": 0.5106807947158813,
      "cosine_negative_count": 0,
      "cosine_negative_fraction": 0.0
    },
    "12": {
      "count": 10000,
      "dot_mean": 12.087254524230957,
      "dot_min": 1.2703042030334473,
      "dot_max": 35.24394989013672,
      "dot_negative_count": 0,
      "dot_negative_fraction": 0.0,
      "cosine_mean": 0.1625405102968216,
      "cosine_min": 0.019426554441452026,
      "cosine_max": 0.6031101942062378,
      "cosine_negative_count": 0,
      "cosine_negative_fraction": 0.0
    },
    "20": {
      "count": 10000,
      "dot_mean": 99.5254135131836,
      "dot_min": 10.336000442504883,
      "dot_max": 302.63043212890625,
      "dot_negative_count": 0,
      "dot_negative_fraction": 0.0,
      "cosine_mean": 0.24051794409751892,
      "cosine_min": 0.028182396665215492,
      "cosine_max": 0.7200447916984558,
      "cosine_negative_count": 0,
      "cosine_negative_fraction": 0.0
    },
    "28": {
      "count": 10000,
      "dot_mean": 2528.245361328125,
      "dot_min": -158.55348205566406,
      "dot_max": 5257.1748046875,
      "dot_negative_count": 6,
      "dot_negative_fraction": 0.0006000000284984708,
      "cosine_mean": 0.3243556022644043,
      "cosine_min": -0.020395951345562935,
      "cosine_max": 0.6844251155853271,
      "cosine_negative_count": 6,
      "cosine_negative_fraction": 0.0006000000284984708
    }
  },
  "centered": {
    "0": {
      "count": 10000,
      "dot_mean": -0.014042619615793228,
      "dot_min": -0.4883677065372467,
      "dot_max": 1.1637792587280273,
      "dot_negative_count": 5790,
      "dot_negative_fraction": 0.5789999961853027,
      "cosine_mean": -0.013794302009046078,
      "cosine_min": -0.34281307458877563,
      "cosine_max": 1.0,
      "cosine_negative_count": 5790,
      "cosine_negative_fraction": 0.5789999961853027
    },
    "4": {
      "count": 10000,
      "dot_mean": -0.6487653851509094,
      "dot_min": -2.627175807952881,
      "dot_max": 7.125191688537598,
      "dot_negative_count": 8437,
      "dot_negative_fraction": 0.8436999917030334,
      "cosine_mean": -0.038778334856033325,
      "cosine_min": -0.15295036137104034,
      "cosine_max": 0.5222452878952026,
      "cosine_negative_count": 8437,
      "cosine_negative_fraction": 0.8436999917030334
    },
    "8": {
      "count": 10000,
      "dot_mean": -2.4730050563812256,
      "dot_min": -9.077211380004883,
      "dot_max": 15.509003639221191,
      "dot_negative_count": 9048,
      "dot_negative_fraction": 0.9047999978065491,
      "cosine_mean": -0.06374107301235199,
      "cosine_min": -0.20849306881427765,
      "cosine_max": 0.4484603703022003,
      "cosine_negative_count": 9048,
      "cosine_negative_fraction": 0.9047999978065491
    },
    "12": {
      "count": 10000,
      "dot_mean": -4.2641921043396,
      "dot_min": -16.547298431396484,
      "dot_max": 23.14617347717285,
      "dot_negative_count": 9196,
      "dot_negative_fraction": 0.9196000099182129,
      "cosine_mean": -0.07250987738370895,
      "cosine_min": -0.24045273661613464,
      "cosine_max": 0.4992974102497101,
      "cosine_negative_count": 9196,
      "cosine_negative_fraction": 0.9196000099182129
    },
    "20": {
      "count": 10000,
      "dot_mean": -23.94148063659668,
      "dot_min": -75.30938720703125,
      "dot_max": 156.30079650878906,
      "dot_negative_count": 8871,
      "dot_negative_fraction": 0.8870999813079834,
      "cosine_mean": -0.08197909593582153,
      "cosine_min": -0.2776913344860077,
      "cosine_max": 0.5688954591751099,
      "cosine_negative_count": 8871,
      "cosine_negative_fraction": 0.8870999813079834
    },
    "28": {
      "count": 10000,
      "dot_mean": -663.89208984375,
      "dot_min": -1961.6846923828125,
      "dot_max": 5056.75,
      "dot_negative_count": 9243,
      "dot_negative_fraction": 0.9243000149726868,
      "cosine_mean": -0.15002970397472382,
      "cosine_min": -0.4181739091873169,
      "cosine_max": 0.6764033436775208,
      "cosine_negative_count": 9243,
      "cosine_negative_fraction": 0.9243000149726868
    }
  }
}