{
  "raw": {
    "0": {
      "count": 10000,
      "dot_mean": 0.043380916118621826,
      "dot_min": -0.48241880536079407,
      "dot_max": 1.5325243473052979,
      "dot_negative_count": 4385,
      "dot_negative_fraction": 0.43849998712539673,
      "cosine_mean": 0.0411561094224453,
      "cosine_min": -0.33235812187194824,
      "cosine_max": 1.0,
      "cosine_negative_count": 4385,
      "cosine_negative_fraction": 0.43849998712539673
    },
    "4": {
      "count": 10000,
      "dot_mean": 3.050569534301758,
      "dot_min": 0.19062185287475586,
      "dot_max": 10.634384155273438,
      "dot_negative_count": 0,
      "dot_negative_fraction": 0.0,
      "cosine_mean": 0.1683986783027649,
      "cosine_min": 0.011699831113219261,
      "cosine_max": 0.6438186168670654,
      "cosine_negative_count": 0,
      "cosine_negative_fraction": 0.0
    },
    "8": {
      "count": 10000,
      "dot_mean": 5.276856422424316,
      "dot_min": 0.006828606128692627,
      "dot_max": 19.08965301513672,
      "dot_negative_count": 0,
      "dot_negative_fraction": 0.0,
      "cosine_mean": 0.11542600393295288,
      "cosine_min": 0.00013388646766543388,
      "cosine_max": 0.5060358047485352,
      "cosine_negative_count": 0,
      "cosine_negative_fraction": 0.0
    },
    "12": {
      "count": 10000,
      "dot_mean": 11.434220314025879,
      "dot_min": 0.6083949208259583,
      "dot_max": 30.919567108154297,
      "dot_negative_count": 0,
      "dot_negative_fraction": 0.0,
      "cosine_mean": 0.13943326473236084,
      "cosine_min": 0.0076009309850633144,
      "cosine_max": 0.4722634255886078,
      "cosine_negative_count": 0,
      "cosine_negative_fraction": 0.0
    },
    "20": {
      "count": 10000,
      "dot_mean": 80.14324188232422,
      "dot_min": -19.697071075439453,
      "dot_max": 254.64166259765625,
      "dot_negative_count": 109,
      "dot_negative_fraction": 0.010900000110268593,
      "cosine_mean": 0.21003849804401398,
      "cosine_min": -0.05994346737861633,
      "cosine_max": 0.6557817459106445,
      "cosine_negative_count": 109,
      "cosine_negative_fraction": 0.010900000110268593
    },
    "28": {
      "count": 10000,
      "dot_mean": 1573.6241455078125,
      "dot_min": -1120.498046875,
      "dot_max": 5000.3798828125,
      "dot_negative_count": 875,
      "dot_negative_fraction": 0.08749999850988388,
      "cosine_mean": 0.218039870262146,
      "cosine_min": -0.15058329701423645,
      "cosine_max": 0.6467024087905884,
      "cosine_negative_count": 875,
      "cosine_negative_fraction": 0.08749999850988388
    }
  },
  "centered": {
    "0": {
      "count": 10000,
      "dot_mean": -0.01332724466919899,
      "dot_min": -0.5299410820007324,
      "dot_max": 1.2373937368392944,
      "dot_negative_count": 5688,
      "dot_negative_fraction": 0.5687999725341797,
      "cosine_mean": -0.013983146287500858,
      "cosine_min": -0.3796240985393524,
      "cosine_max": 1.0,
      "cosine_negative_count": 5688,
      "cosine_negative_fraction": 0.5687999725341797
    },
    "4": {
      "count": 10000,
      "dot_mean": -0.48274630308151245,
      "dot_min": -2.8875577449798584,
      "dot_max": 7.133358001708984,
      "dot_negative_count": 8039,
      "dot_negative_fraction": 0.8039000034332275,
      "cosine_mean": -0.03213106095790863,
      "cosine_min": -0.1441727578639984,
      "cosine_max": 0.5682932138442993,
      "cosine_negative_count": 8039,
      "cosine_negative_fraction": 0.8039000034332275
    },
    "8": {
      "count": 10000,
      "dot_mean": -2.193462371826172,
      "dot_min": -8.42254638671875,
      "dot_max": 16.720294952392578,
      "dot_negative_count": 8896,
      "dot_negative_fraction": 0.8895999789237976,
      "cosine_mean": -0.05620155110955238,
      "cosine_min": -0.2024231255054474,
      "cosine_max": 0.46953678131103516,
      "cosine_negative_count": 8896,
      "cosine_negative_fraction": 0.8895999789237976
    },
    "12": {
      "count": 10000,
      "dot_mean": -4.507219314575195,
      "dot_min": -15.766317367553711,
      "dot_max": 25.432233810424805,
      "dot_negative_count": 8825,
      "dot_negative_fraction": 0.8824999928474426,
      "cosine_mean": -0.06596410274505615,
      "cosine_min": -0.2430190145969391,
      "cosine_max": 0.42225024104118347,
      "cosine_negative_count": 8825,
      "cosine_negative_fraction": 0.8824999928474426
    },
    "20": {
      "count": 10000,
      "dot_mean": -19.943525314331055,
      "dot_min": -78.7486801147461,
      "dot_max": 87.81741333007812,
      "dot_negative_count": 8647,
      "dot_negative_fraction": 0.8647000193595886,
      "cosine_mean": -0.07130829989910126,
      "cosine_min": -0.2675696015357971,
      "cosine_max": 0.3592744469642639,
      "cosine_negative_count": 8647,
      "cosine_negative_fraction": 0.8647000193595886
    },
    "28": {
      "count": 10000,
      "dot_mean": -553.097900390625,
      "dot_min": -1960.70703125,
      "dot_max": 4669.4697265625,
      "dot_negative_count": 8622,
      "dot_negative_fraction": 0.8622000217437744,
      "cosine_mean": -0.11857329308986664,
      "cosine_min": -0.37664175033569336,
      "cosine_max": 0.5156140923500061,
      "cosine_negative_count": 8622,
      "cosine_negative_fraction": 0.8622000217437744
    }
  }
}