{
  "raw": {
    "0": {
      "count": 187,
      "dot_mean": 0.0641939714550972,
      "dot_min": -0.05179286748170853,
      "dot_max": 0.2623630166053772,
      "dot_negative_count": 13,
      "dot_negative_fraction": 0.06951871514320374,
      "cosine_mean": 0.07874218374490738,
      "cosine_min": -0.06978719681501389,
      "cosine_max": 0.2713679373264313,
      "cosine_negative_count": 13,
      "cosine_negative_fraction": 0.06951871514320374
    },
    "4": {
      "count": 187,
      "dot_mean": 157.5166015625,
      "dot_min": 88.26927947998047,
      "dot_max": 344.0815124511719,
      "dot_negative_count": 0,
      "dot_negative_fraction": 0.0,
      "cosine_mean": 0.2972058951854706,
      "cosine_min": 0.10969831794500351,
      "cosine_max": 0.6716297268867493,
      "cosine_negative_count": 0,
      "cosine_negative_fraction": 0.0
    },
    "8": {
      "count": 187,
      "dot_mean": 244.21511840820312,
      "dot_min": -8.806459426879883,
      "dot_max": 660.2611083984375,
      "dot_negative_count": 1,
      "dot_negative_fraction": 0.005347593687474728,
      "cosine_mean": 0.14173129200935364,
      "cosine_min": -0.00445195659995079,
      "cosine_max": 0.477968692779541,
      "cosine_negative_count": 1,
      "cosine_negative_fraction": 0.005347593687474728
    },
    "12": {
      "count": 187,
      "dot_mean": 666.6617431640625,
      "dot_min": 97.84040069580078,
      "dot_max": 1292.217041015625,
      "dot_negative_count": 0,
      "dot_negative_fraction": 0.0,
      "cosine_mean": 0.23332540690898895,
      "cosine_min": 0.030681071802973747,
      "cosine_max": 0.5449128150939941,
      "cosine_negative_count": 0,
      "cosine_negative_fraction": 0.0
    },
    "20": {
      "count": 187,
      "dot_mean": 1816.30029296875,
      "dot_min": 881.1297607421875,
      "dot_max": 3222.7880859375,
      "dot_negative_count": 0,
      "dot_negative_fraction": 0.0,
      "cosine_mean": 0.20164737105369568,
      "cosine_min": 0.09386304765939713,
      "cosine_max": 0.428310364484787,
      "cosine_negative_count": 0,
      "cosine_negative_fraction": 0.0
    },
    "28": {
      "count": 187,
      "dot_mean": 23825.4765625,
      "dot_min": -16999.189453125,
      "dot_max": 94240.703125,
      "dot_negative_count": 19,
      "dot_negative_fraction": 0.10160427540540695,
      "cosine_mean": 0.2123262882232666,
      "cosine_min": -0.1744598001241684,
      "cosine_max": 0.7485101819038391,
      "cosine_negative_count": 19,
      "cosine_negative_fraction": 0.10160427540540695
    }
  },
  "centered": {
    "0": {
      "count": 187,
      "dot_mean": -0.0038507264107465744,
      "dot_min": -0.10961955040693283,
      "dot_max": 0.15750601887702942,
      "dot_negative_count": 123,
      "dot_negative_fraction": 0.6577540040016174,
      "cosine_mean": -0.005984294693917036,
      "cosine_min": -0.16001899540424347,
      "cosine_max": 0.1993570178747177,
      "cosine_negative_count": 123,
      "cosine_negative_fraction": 0.6577540040016174
    },
    "4": {
      "count": 187,
      "dot_mean": -1.7051254510879517,
      "dot_min": -60.80828857421875,
      "dot_max": 204.0718994140625,
      "dot_negative_count": 99,
      "dot_negative_fraction": 0.529411792755127,
      "cosine_mean": 0.01141253113746643,
      "cosine_min": -0.1281103491783142,
      "cosine_max": 0.5423055291175842,
      "cosine_negative_count": 99,
      "cosine_negative_fraction": 0.529411792755127
    },
    "8": {
      "count": 187,
      "dot_mean": -8.42909049987793,
      "dot_min": -179.21633911132812,
      "dot_max": 581.5101318359375,
      "dot_negative_count": 118,
      "dot_negative_fraction": 0.6310160160064697,
      "cosine_mean": -0.0023860821966081858,
      "cosine_min": -0.10333053767681122,
      "cosine_max": 0.45237717032432556,
      "cosine_negative_count": 118,
      "cosine_negative_fraction": 0.6310160160064697
    },
    "12": {
      "count": 187,
      "dot_mean": -12.45814323425293,
      "dot_min": -262.40936279296875,
      "dot_max": 937.3648681640625,
      "dot_negative_count": 113,
      "dot_negative_fraction": 0.6042780876159668,
      "cosine_mean": -0.0021039729472249746,
      "cosine_min": -0.1260896772146225,
      "cosine_max": 0.4677433669567108,
      "cosine_negative_count": 113,
      "cosine_negative_fraction": 0.6042780876159668
    },
    "20": {
      "count": 187,
      "dot_mean": -49.24525833129883,
      "dot_min": -1144.6224365234375,
      "dot_max": 2968.14453125,
      "dot_negative_count": 103,
      "dot_negative_fraction": 0.5508021116256714,
      "cosine_mean": -0.005857415497303009,
      "cosine_min": -0.18482327461242676,
      "cosine_max": 0.41357558965682983,
      "cosine_negative_count": 103,
      "cosine_negative_fraction": 0.5508021116256714
    },
    "28": {
      "count": 187,
      "dot_mean": -554.6878051757812,
      "dot_min": -34947.79296875,
      "dot_max": 60516.52734375,
      "dot_negative_count": 99,
      "dot_negative_fraction": 0.529411792755127,
      "cosine_mean": -0.017901211977005005,
      "cosine_min": -0.4574768841266632,
      "cosine_max": 0.6538150310516357,
      "cosine_negative_count": 99,
      "cosine_negative_fraction": 0.529411792755127
    }
  }
}