{
  "raw": {
    "0": {
      "count": 10000,
      "dot_mean": 5.699416637420654,
      "dot_min": -5.190771579742432,
      "dot_max": 95.23905944824219,
      "dot_negative_count": 1592,
      "dot_negative_fraction": 0.15919999778270721,
      "cosine_mean": 0.11416689306497574,
      "cosine_min": -0.14113131165504456,
      "cosine_max": 1.0,
      "cosine_negative_count": 1592,
      "cosine_negative_fraction": 0.15919999778270721
    },
    "4": {
      "count": 10000,
      "dot_mean": 63.29978561401367,
      "dot_min": 0.7630242109298706,
      "dot_max": 340.2008056640625,
      "dot_negative_count": 0,
      "dot_negative_fraction": 0.0,
      "cosine_mean": 0.2686495780944824,
      "cosine_min": 0.002425878308713436,
      "cosine_max": 0.9748737215995789,
      "cosine_negative_count": 0,
      "cosine_negative_fraction": 0.0
    },
    "8": {
      "count": 10000,
      "dot_mean": 147.4959716796875,
      "dot_min": 6.609775543212891,
      "dot_max": 865.2528076171875,
      "dot_negative_count": 0,
      "dot_negative_fraction": 0.0,
      "cosine_mean": 0.20252291858196259,
      "cosine_min": 0.007994227111339569,
      "cosine_max": 0.9491652250289917,
      "cosine_negative_count": 0,
      "cosine_negative_fraction": 0.0
    },
    "12": {
      "count": 10000,
      "dot_mean": 318.5361022949219,
      "dot_min": 17.058025360107422,
      "dot_max": 1807.653564453125,
      "dot_negative_count": 0,
      "dot_negative_fraction": 0.0,
      "cosine_mean": 0.18056386709213257,
      "cosine_min": 0.010056929662823677,
      "cosine_max": 0.9277452230453491,
      "cosine_negative_count": 0,
      "cosine_negative_fraction": 0.0
    },
    "20": {
      "count": 10000,
      "dot_mean": 1604.1402587890625,
      "dot_min": -307.6444396972656,
      "dot_max": 7788.58984375,
      "dot_negative_count": 7,
      "dot_negative_fraction": 0.000699999975040555,
      "cosine_mean": 0.17127856612205505,
      "cosine_min": -0.02878974750638008,
      "cosine_max": 0.7190769910812378,
      "cosine_negative_count": 7,
      "cosine_negative_fraction": 0.000699999975040555
    },
    "30": {
      "count": 10000,
      "dot_mean": 210.2278289794922,
      "dot_min": -18.16752052307129,
      "dot_max": 425.5662536621094,
      "dot_negative_count": 9,
      "dot_negative_fraction": 0.0008999999845400453,
      "cosine_mean": 0.48756107687950134,
      "cosine_min": -0.0448816642165184,
      "cosine_max": 0.8911464214324951,
      "cosine_negative_count": 9,
      "cosine_negative_fraction": 0.0008999999845400453
    }
  },
  "centered": {
    "0": {
      "count": 10000,
      "dot_mean": -0.04243822395801544,
      "dot_min": -10.75356388092041,
      "dot_max": 97.30789947509766,
      "dot_negative_count": 5512,
      "dot_negative_fraction": 0.5511999726295471,
      "cosine_mean": 0.001542394864372909,
      "cosine_min": -0.348829984664917,
      "cosine_max": 1.0,
      "cosine_negative_count": 5512,
      "cosine_negative_fraction": 0.5511999726295471
    },
    "4": {
      "count": 10000,
      "dot_mean": -0.15144431591033936,
      "dot_min": -44.7504997253418,
      "dot_max": 308.45758056640625,
      "dot_negative_count": 5997,
      "dot_negative_fraction": 0.5996999740600586,
      "cosine_mean": 0.00041289805085398257,
      "cosine_min": -0.22645704448223114,
      "cosine_max": 0.9717148542404175,
      "cosine_negative_count": 5997,
      "cosine_negative_fraction": 0.5996999740600586
    },
    "8": {
      "count": 10000,
      "dot_mean": -0.538580060005188,
      "dot_min": -146.97235107421875,
      "dot_max": 795.2183837890625,
      "dot_negative_count": 6056,
      "dot_negative_fraction": 0.6055999994277954,
      "cosine_mean": -0.0006394457304850221,
      "cosine_min": -0.21995677053928375,
      "cosine_max": 0.9448479413986206,
      "cosine_negative_count": 6056,
      "cosine_negative_fraction": 0.6055999994277954
    },
    "12": {
      "count": 10000,
      "dot_mean": -1.5930243730545044,
      "dot_min": -302.7969970703125,
      "dot_max": 1637.759033203125,
      "dot_negative_count": 5993,
      "dot_negative_fraction": 0.5993000268936157,
      "cosine_mean": -0.0012221032520756125,
      "cosine_min": -0.214558944106102,
      "cosine_max": 0.9250054359436035,
      "cosine_negative_count": 5993,
      "cosine_negative_fraction": 0.5993000268936157
    },
    "20": {
      "count": 10000,
      "dot_mean": -16.1357421875,
      "dot_min": -2028.2554931640625,
      "dot_max": 6307.4248046875,
      "dot_negative_count": 5884,
      "dot_negative_fraction": 0.5884000062942505,
      "cosine_mean": -0.002011591801419854,
      "cosine_min": -0.23123638331890106,
      "cosine_max": 0.6801034808158875,
      "cosine_negative_count": 5884,
      "cosine_negative_fraction": 0.5884000062942505
    },
    "30": {
      "count": 10000,
      "dot_mean": -0.8655332326889038,
      "dot_min": -106.74020385742188,
      "dot_max": 324.0787048339844,
      "dot_negative_count": 5453,
      "dot_negative_fraction": 0.5453000068664551,
      "cosine_mean": -0.0010198148665949702,
      "cosine_min": -0.3763653635978699,
      "cosine_max": 0.681874692440033,
      "cosine_negative_count": 5453,
      "cosine_negative_fraction": 0.5453000068664551
    }
  }
}