{
  "raw": {
    "0": {
      "count": 108,
      "dot_mean": 0.18136551976203918,
      "dot_min": -0.12855613231658936,
      "dot_max": 0.45229625701904297,
      "dot_negative_count": 15,
      "dot_negative_fraction": 0.1388888955116272,
      "cosine_mean": 0.31149718165397644,
      "cosine_min": -0.23866479098796844,
      "cosine_max": 0.6276962161064148,
      "cosine_negative_count": 15,
      "cosine_negative_fraction": 0.1388888955116272
    },
    "4": {
      "count": 108,
      "dot_mean": 0.5554666519165039,
      "dot_min": 0.2761591076850891,
      "dot_max": 0.8793972730636597,
      "dot_negative_count": 0,
      "dot_negative_fraction": 0.0,
      "cosine_mean": 0.23782449960708618,
      "cosine_min": 0.11748377978801727,
      "cosine_max": 0.45805543661117554,
      "cosine_negative_count": 0,
      "cosine_negative_fraction": 0.0
    },
    "8": {
      "count": 108,
      "dot_mean": 0.7663692831993103,
      "dot_min": 0.3891057074069977,
      "dot_max": 1.4642903804779053,
      "dot_negative_count": 0,
      "dot_negative_fraction": 0.0,
      "cosine_mean": 0.2655808925628662,
      "cosine_min": 0.12978103756904602,
      "cosine_max": 0.588896632194519,
      "cosine_negative_count": 0,
      "cosine_negative_fraction": 0.0
    },
    "12": {
      "count": 108,
      "dot_mean": 0.9442830085754395,
      "dot_min": 0.5277169942855835,
      "dot_max": 1.6262834072113037,
      "dot_negative_count": 0,
      "dot_negative_fraction": 0.0,
      "cosine_mean": 0.25799524784088135,
      "cosine_min": 0.13428738713264465,
      "cosine_max": 0.5192610025405884,
      "cosine_negative_count": 0,
      "cosine_negative_fraction": 0.0
    },
    "20": {
      "count": 108,
      "dot_mean": 18.12195587158203,
      "dot_min": 8.23025131225586,
      "dot_max": 32.4039192199707,
      "dot_negative_count": 0,
      "dot_negative_fraction": 0.0,
      "cosine_mean": 0.4179181456565857,
      "cosine_min": 0.2531173527240753,
      "cosine_max": 0.6849316954612732,
      "cosine_negative_count": 0,
      "cosine_negative_fraction": 0.0
    },
    "24": {
      "count": 108,
      "dot_mean": 4796.23681640625,
      "dot_min": 1854.92138671875,
      "dot_max": 9122.1240234375,
      "dot_negative_count": 0,
      "dot_negative_fraction": 0.0,
      "cosine_mean": 0.3182947635650635,
      "cosine_min": 0.13856199383735657,
      "cosine_max": 0.5479403734207153,
      "cosine_negative_count": 0,
      "cosine_negative_fraction": 0.0
    }
  },
  "centered": {
    "0": {
      "count": 108,
      "dot_mean": -0.003486276138573885,
      "dot_min": -0.0987221747636795,
      "dot_max": 0.12767326831817627,
      "dot_negative_count": 63,
      "dot_negative_fraction": 0.5833333134651184,
      "cosine_mean": -0.02056756243109703,
      "cosine_min": -0.19868598878383636,
      "cosine_max": 0.3579349219799042,
      "cosine_negative_count": 63,
      "cosine_negative_fraction": 0.5833333134651184
    },
    "4": {
      "count": 108,
      "dot_mean": -0.018896890804171562,
      "dot_min": -0.40535521507263184,
      "dot_max": 0.7862247824668884,
      "dot_negative_count": 62,
      "dot_negative_fraction": 0.5740740895271301,
      "cosine_mean": -0.020818481221795082,
      "cosine_min": -0.23718075454235077,
      "cosine_max": 0.43028685450553894,
      "cosine_negative_count": 62,
      "cosine_negative_fraction": 0.5740740895271301
    },
    "8": {
      "count": 108,
      "dot_mean": -0.021072985604405403,
      "dot_min": -0.578289270401001,
      "dot_max": 1.1834213733673096,
      "dot_negative_count": 61,
      "dot_negative_fraction": 0.5648148059844971,
      "cosine_mean": -0.01750197634100914,
      "cosine_min": -0.31110748648643494,
      "cosine_max": 0.5368165373802185,
      "cosine_negative_count": 61,
      "cosine_negative_fraction": 0.5648148059844971
    },
    "12": {
      "count": 108,
      "dot_mean": -0.027424277737736702,
      "dot_min": -0.6536133885383606,
      "dot_max": 1.221182942390442,
      "dot_negative_count": 59,
      "dot_negative_fraction": 0.5462962985038757,
      "cosine_mean": -0.01621362380683422,
      "cosine_min": -0.26778048276901245,
      "cosine_max": 0.4477638900279999,
      "cosine_negative_count": 59,
      "cosine_negative_fraction": 0.5462962985038757
    },
    "20": {
      "count": 108,
      "dot_mean": -0.2515789568424225,
      "dot_min": -5.143475532531738,
      "dot_max": 12.46887493133545,
      "dot_negative_count": 70,
      "dot_negative_fraction": 0.6481481194496155,
      "cosine_mean": -0.019459040835499763,
      "cosine_min": -0.228526309132576,
      "cosine_max": 0.4360574781894684,
      "cosine_negative_count": 70,
      "cosine_negative_fraction": 0.6481481194496155
    },
    "24": {
      "count": 108,
      "dot_mean": -114.23445892333984,
      "dot_min": -1877.673095703125,
      "dot_max": 4607.59130859375,
      "dot_negative_count": 68,
      "dot_negative_fraction": 0.6296296119689941,
      "cosine_mean": -0.019020041450858116,
      "cosine_min": -0.20682235062122345,
      "cosine_max": 0.3781415522098541,
      "cosine_negative_count": 68,
      "cosine_negative_fraction": 0.6296296119689941
    }
  }
}