{
  "raw": {
    "0": {
      "count": 182,
      "dot_mean": 0.07616815716028214,
      "dot_min": -0.18494170904159546,
      "dot_max": 0.45229625701904297,
      "dot_negative_count": 75,
      "dot_negative_fraction": 0.41208791732788086,
      "cosine_mean": 0.12338829040527344,
      "cosine_min": -0.34449732303619385,
      "cosine_max": 0.6392845511436462,
      "cosine_negative_count": 75,
      "cosine_negative_fraction": 0.41208791732788086
    },
    "4": {
      "count": 182,
      "dot_mean": 0.5650108456611633,
      "dot_min": 0.188118577003479,
      "dot_max": 0.8665797710418701,
      "dot_negative_count": 0,
      "dot_negative_fraction": 0.0,
      "cosine_mean": 0.21238268911838531,
      "cosine_min": 0.06904634088277817,
      "cosine_max": 0.40748557448387146,
      "cosine_negative_count": 0,
      "cosine_negative_fraction": 0.0
    },
    "8": {
      "count": 182,
      "dot_mean": 0.7500235438346863,
      "dot_min": 0.34628117084503174,
      "dot_max": 1.361946940422058,
      "dot_negative_count": 0,
      "dot_negative_fraction": 0.0,
      "cosine_mean": 0.24079973995685577,
      "cosine_min": 0.10573699325323105,
      "cosine_max": 0.5629105567932129,
      "cosine_negative_count": 0,
      "cosine_negative_fraction": 0.0
    },
    "12": {
      "count": 182,
      "dot_mean": 0.9488685727119446,
      "dot_min": 0.24901878833770752,
      "dot_max": 1.7046996355056763,
      "dot_negative_count": 0,
      "dot_negative_fraction": 0.0,
      "cosine_mean": 0.237620010972023,
      "cosine_min": 0.0683135837316513,
      "cosine_max": 0.5711899399757385,
      "cosine_negative_count": 0,
      "cosine_negative_fraction": 0.0
    },
    "20": {
      "count": 182,
      "dot_mean": 18.762691497802734,
      "dot_min": 7.915903568267822,
      "dot_max": 34.53053665161133,
      "dot_negative_count": 0,
      "dot_negative_fraction": 0.0,
      "cosine_mean": 0.39529210329055786,
      "cosine_min": 0.18750903010368347,
      "cosine_max": 0.7110030651092529,
      "cosine_negative_count": 0,
      "cosine_negative_fraction": 0.0
    },
    "24": {
      "count": 182,
      "dot_mean": 4355.814453125,
      "dot_min": 627.491455078125,
      "dot_max": 8421.09765625,
      "dot_negative_count": 0,
      "dot_negative_fraction": 0.0,
      "cosine_mean": 0.27880439162254333,
      "cosine_min": 0.038269322365522385,
      "cosine_max": 0.5442905426025391,
      "cosine_negative_count": 0,
      "cosine_negative_fraction": 0.0
    }
  },
  "centered": {
    "0": {
      "count": 182,
      "dot_mean": -0.0026089998427778482,
      "dot_min": -0.1848362386226654,
      "dot_max": 0.28820979595184326,
      "dot_negative_count": 104,
      "dot_negative_fraction": 0.5714285969734192,
      "cosine_mean": -0.011483685113489628,
      "cosine_min": -0.34604412317276,
      "cosine_max": 0.5359600782394409,
      "cosine_negative_count": 104,
      "cosine_negative_fraction": 0.5714285969734192
    },
    "4": {
      "count": 182,
      "dot_mean": -0.011947286315262318,
      "dot_min": -0.4675695598125458,
      "dot_max": 1.0090161561965942,
      "dot_negative_count": 124,
      "dot_negative_fraction": 0.6813187003135681,
      "cosine_mean": -0.0012932156678289175,
      "cosine_min": -0.18377545475959778,
      "cosine_max": 0.44778159260749817,
      "cosine_negative_count": 124,
      "cosine_negative_fraction": 0.6813187003135681
    },
    "8": {
      "count": 182,
      "dot_mean": -0.013656074181199074,
      "dot_min": -0.3906089663505554,
      "dot_max": 1.3869775533676147,
      "dot_negative_count": 116,
      "dot_negative_fraction": 0.6373626589775085,
      "cosine_mean": -0.0018018533010035753,
      "cosine_min": -0.14598917961120605,
      "cosine_max": 0.5672162175178528,
      "cosine_negative_count": 116,
      "cosine_negative_fraction": 0.6373626589775085
    },
    "12": {
      "count": 182,
      "dot_mean": -0.0177377350628376,
      "dot_min": -0.5975956320762634,
      "dot_max": 1.56186842918396,
      "dot_negative_count": 111,
      "dot_negative_fraction": 0.6098901033401489,
      "cosine_mean": -0.0016218869714066386,
      "cosine_min": -0.16380727291107178,
      "cosine_max": 0.5494158267974854,
      "cosine_negative_count": 111,
      "cosine_negative_fraction": 0.6098901033401489
    },
    "20": {
      "count": 182,
      "dot_mean": -0.16212281584739685,
      "dot_min": -5.499664783477783,
      "dot_max": 15.336824417114258,
      "dot_negative_count": 118,
      "dot_negative_fraction": 0.6483516693115234,
      "cosine_mean": -0.005974368657916784,
      "cosine_min": -0.18920080363750458,
      "cosine_max": 0.548340380191803,
      "cosine_negative_count": 118,
      "cosine_negative_fraction": 0.6483516693115234
    },
    "24": {
      "count": 182,
      "dot_mean": -76.59911346435547,
      "dot_min": -2084.645263671875,
      "dot_max": 6529.1337890625,
      "dot_negative_count": 117,
      "dot_negative_fraction": 0.6428571343421936,
      "cosine_mean": -0.013800595887005329,
      "cosine_min": -0.20383429527282715,
      "cosine_max": 0.4045714735984802,
      "cosine_negative_count": 117,
      "cosine_negative_fraction": 0.6428571343421936
    }
  }
}