{
  "raw": {
    "0": {
      "count": 4532,
      "dot_mean": 1.8673697710037231,
      "dot_min": -4.95537805557251,
      "dot_max": 34.62358856201172,
      "dot_negative_count": 794,
      "dot_negative_fraction": 0.17519858479499817,
      "cosine_mean": 0.03465372323989868,
      "cosine_min": -0.11154979467391968,
      "cosine_max": 1.0,
      "cosine_negative_count": 794,
      "cosine_negative_fraction": 0.17519858479499817
    },
    "4": {
      "count": 4532,
      "dot_mean": 46.15116882324219,
      "dot_min": 4.656937599182129,
      "dot_max": 119.58439636230469,
      "dot_negative_count": 0,
      "dot_negative_fraction": 0.0,
      "cosine_mean": 0.1921669840812683,
      "cosine_min": 0.02021651528775692,
      "cosine_max": 0.6347436308860779,
      "cosine_negative_count": 0,
      "cosine_negative_fraction": 0.0
    },
    "8": {
      "count": 4532,
      "dot_mean": 110.67070007324219,
      "dot_min": 0.2768521308898926,
      "dot_max": 308.64251708984375,
      "dot_negative_count": 0,
      "dot_negative_fraction": 0.0,
      "cosine_mean": 0.14281588792800903,
      "cosine_min": 0.00035670289071276784,
      "cosine_max": 0.5456224679946899,
      "cosine_negative_count": 0,
      "cosine_negative_fraction": 0.0
    },
    "12": {
      "count": 4532,
      "dot_mean": 295.98297119140625,
      "dot_min": 22.1652889251709,
      "dot_max": 834.4671630859375,
      "dot_negative_count": 0,
      "dot_negative_fraction": 0.0,
      "cosine_mean": 0.1405203491449356,
      "cosine_min": 0.011689718812704086,
      "cosine_max": 0.5201793909072876,
      "cosine_negative_count": 0,
      "cosine_negative_fraction": 0.0
    },
    "20": {
      "count": 4532,
      "dot_mean": 1451.440673828125,
      "dot_min": -115.76124572753906,
      "dot_max": 3493.8916015625,
      "dot_negative_count": 1,
      "dot_negative_fraction": 0.00022065313532948494,
      "cosine_mean": 0.14202532172203064,
      "cosine_min": -0.0118084866553545,
      "cosine_max": 0.36423546075820923,
      "cosine_negative_count": 1,
      "cosine_negative_fraction": 0.00022065313532948494
    },
    "30": {
      "count": 4532,
      "dot_mean": 189.4807891845703,
      "dot_min": -12.17268180847168,
      "dot_max": 366.60626220703125,
      "dot_negative_count": 5,
      "dot_negative_fraction": 0.0011032656766474247,
      "cosine_mean": 0.4444313943386078,
      "cosine_min": -0.026377446949481964,
      "cosine_max": 0.8051558136940002,
      "cosine_negative_count": 5,
      "cosine_negative_fraction": 0.0011032656766474247
    }
  },
  "centered": {
    "0": {
      "count": 4532,
      "dot_mean": -1.6764229536056519,
      "dot_min": -9.296612739562988,
      "dot_max": 35.33562469482422,
      "dot_negative_count": 2938,
      "dot_negative_fraction": 0.6482788920402527,
      "cosine_mean": -0.034768134355545044,
      "cosine_min": -0.31102025508880615,
      "cosine_max": 1.0,
      "cosine_negative_count": 2938,
      "cosine_negative_fraction": 0.6482788920402527
    },
    "4": {
      "count": 4532,
      "dot_mean": -7.182726860046387,
      "dot_min": -38.73146438598633,
      "dot_max": 92.81855010986328,
      "dot_negative_count": 3363,
      "dot_negative_fraction": 0.7420564889907837,
      "cosine_mean": -0.041359979659318924,
      "cosine_min": -0.20686858892440796,
      "cosine_max": 0.5791324973106384,
      "cosine_negative_count": 3363,
      "cosine_negative_fraction": 0.7420564889907837
    },
    "8": {
      "count": 4532,
      "dot_mean": -39.32213592529297,
      "dot_min": -164.08489990234375,
      "dot_max": 291.5862731933594,
      "dot_negative_count": 3773,
      "dot_negative_fraction": 0.832524299621582,
      "cosine_mean": -0.06514779478311539,
      "cosine_min": -0.25781312584877014,
      "cosine_max": 0.5511391162872314,
      "cosine_negative_count": 3773,
      "cosine_negative_fraction": 0.832524299621582
    },
    "12": {
      "count": 4532,
      "dot_mean": -126.17404174804688,
      "dot_min": -404.4436340332031,
      "dot_max": 864.3301391601562,
      "dot_negative_count": 4023,
      "dot_negative_fraction": 0.8876875638961792,
      "cosine_mean": -0.07580441981554031,
      "cosine_min": -0.24978938698768616,
      "cosine_max": 0.5393324494361877,
      "cosine_negative_count": 4023,
      "cosine_negative_fraction": 0.8876875638961792
    },
    "20": {
      "count": 4532,
      "dot_mean": -552.986572265625,
      "dot_min": -1906.5772705078125,
      "dot_max": 2479.113525390625,
      "dot_negative_count": 4064,
      "dot_negative_fraction": 0.896734356880188,
      "cosine_mean": -0.06785088032484055,
      "cosine_min": -0.2470613569021225,
      "cosine_max": 0.3117448687553406,
      "cosine_negative_count": 4064,
      "cosine_negative_fraction": 0.896734356880188
    },
    "30": {
      "count": 4532,
      "dot_mean": -15.594939231872559,
      "dot_min": -107.3592529296875,
      "dot_max": 180.39035034179688,
      "dot_negative_count": 3590,
      "dot_negative_fraction": 0.792144775390625,
      "cosine_mean": -0.07698650658130646,
      "cosine_min": -0.3641934394836426,
      "cosine_max": 0.33610033988952637,
      "cosine_negative_count": 3590,
      "cosine_negative_fraction": 0.792144775390625
    }
  }
}