{
  "raw": {
    "0": {
      "count": 189,
      "dot_mean": 0.09146943688392639,
      "dot_min": -0.23906299471855164,
      "dot_max": 0.6174326539039612,
      "dot_negative_count": 82,
      "dot_negative_fraction": 0.43386244773864746,
      "cosine_mean": 0.10409440845251083,
      "cosine_min": -0.19969108700752258,
      "cosine_max": 0.5408051013946533,
      "cosine_negative_count": 82,
      "cosine_negative_fraction": 0.43386244773864746
    },
    "4": {
      "count": 189,
      "dot_mean": 2.868450880050659,
      "dot_min": 0.8114409446716309,
      "dot_max": 6.45550012588501,
      "dot_negative_count": 0,
      "dot_negative_fraction": 0.0,
      "cosine_mean": 0.1628957986831665,
      "cosine_min": 0.05091024190187454,
      "cosine_max": 0.38048234581947327,
      "cosine_negative_count": 0,
      "cosine_negative_fraction": 0.0
    },
    "8": {
      "count": 189,
      "dot_mean": 4.669033050537109,
      "dot_min": 2.4919333457946777,
      "dot_max": 16.770265579223633,
      "dot_negative_count": 0,
      "dot_negative_fraction": 0.0,
      "cosine_mean": 0.1111479327082634,
      "cosine_min": 0.057150136679410934,
      "cosine_max": 0.41383829712867737,
      "cosine_negative_count": 0,
      "cosine_negative_fraction": 0.0
    },
    "12": {
      "count": 189,
      "dot_mean": 10.059134483337402,
      "dot_min": 2.6901907920837402,
      "dot_max": 28.70366859436035,
      "dot_negative_count": 0,
      "dot_negative_fraction": 0.0,
      "cosine_mean": 0.1365482658147812,
      "cosine_min": 0.03660811111330986,
      "cosine_max": 0.42807111144065857,
      "cosine_negative_count": 0,
      "cosine_negative_fraction": 0.0
    },
    "20": {
      "count": 189,
      "dot_mean": 73.98798370361328,
      "dot_min": 6.723862648010254,
      "dot_max": 194.47567749023438,
      "dot_negative_count": 0,
      "dot_negative_fraction": 0.0,
      "cosine_mean": 0.19360078871250153,
      "cosine_min": 0.020755693316459656,
      "cosine_max": 0.5126752257347107,
      "cosine_negative_count": 0,
      "cosine_negative_fraction": 0.0
    },
    "28": {
      "count": 189,
      "dot_mean": 2602.967529296875,
      "dot_min": 278.5315856933594,
      "dot_max": 3924.2294921875,
      "dot_negative_count": 0,
      "dot_negative_fraction": 0.0,
      "cosine_mean": 0.33829614520072937,
      "cosine_min": 0.034888699650764465,
      "cosine_max": 0.5087681412696838,
      "cosine_negative_count": 0,
      "cosine_negative_fraction": 0.0
    }
  },
  "centered": {
    "0": {
      "count": 189,
      "dot_mean": -0.004129813518375158,
      "dot_min": -0.22997410595417023,
      "dot_max": 0.4105207920074463,
      "dot_negative_count": 108,
      "dot_negative_fraction": 0.5714285969734192,
      "cosine_mean": 0.014672283083200455,
      "cosine_min": -0.20043733716011047,
      "cosine_max": 0.4377506375312805,
      "cosine_negative_count": 108,
      "cosine_negative_fraction": 0.5714285969734192
    },
    "4": {
      "count": 189,
      "dot_mean": -0.07332432270050049,
      "dot_min": -1.5724416971206665,
      "dot_max": 4.802433490753174,
      "dot_negative_count": 131,
      "dot_negative_fraction": 0.6931216716766357,
      "cosine_mean": -0.0013987997081130743,
      "cosine_min": -0.09076713770627975,
      "cosine_max": 0.3116755187511444,
      "cosine_negative_count": 131,
      "cosine_negative_fraction": 0.6931216716766357
    },
    "8": {
      "count": 189,
      "dot_mean": -0.20622196793556213,
      "dot_min": -4.410243511199951,
      "dot_max": 16.521831512451172,
      "dot_negative_count": 122,
      "dot_negative_fraction": 0.6455026268959045,
      "cosine_mean": -0.0037448781076818705,
      "cosine_min": -0.10832791775465012,
      "cosine_max": 0.40815725922584534,
      "cosine_negative_count": 122,
      "cosine_negative_fraction": 0.6455026268959045
    },
    "12": {
      "count": 189,
      "dot_mean": -0.3840734362602234,
      "dot_min": -7.989176273345947,
      "dot_max": 24.2049617767334,
      "dot_negative_count": 125,
      "dot_negative_fraction": 0.6613756418228149,
      "cosine_mean": -0.004948624409735203,
      "cosine_min": -0.11859216541051865,
      "cosine_max": 0.3912299573421478,
      "cosine_negative_count": 125,
      "cosine_negative_fraction": 0.6613756418228149
    },
    "20": {
      "count": 189,
      "dot_mean": -1.7268954515457153,
      "dot_min": -52.663673400878906,
      "dot_max": 124.82891845703125,
      "dot_negative_count": 114,
      "dot_negative_fraction": 0.60317462682724,
      "cosine_mean": -0.004486422520130873,
      "cosine_min": -0.16781747341156006,
      "cosine_max": 0.3966539204120636,
      "cosine_negative_count": 114,
      "cosine_negative_fraction": 0.60317462682724
    },
    "28": {
      "count": 189,
      "dot_mean": -32.63560104370117,
      "dot_min": -794.7658081054688,
      "dot_max": 1408.5205078125,
      "dot_negative_count": 119,
      "dot_negative_fraction": 0.6296296119689941,
      "cosine_mean": -0.011780431494116783,
      "cosine_min": -0.18523040413856506,
      "cosine_max": 0.2558214068412781,
      "cosine_negative_count": 119,
      "cosine_negative_fraction": 0.6296296119689941
    }
  }
}